reg;vaccin;jour;n_tot_dose1;n_tot_dose2;n_tot_dose3;n_tot_dose4;n_tot_complet;n_tot_rappel;n_tot_2_rappel;n_tot_rappel_biv;n_tot_3_rappel
01;1;2023-07-10;125067;116204;75515;6131;121122;79802;6254;0;107
01;2;2023-07-10;21926;19940;7739;165;21184;8402;248;0;6
01;3;2023-07-10;3869;2415;1;0;2505;0;0;0;0
01;4;2023-07-10;335;15;6;0;341;11;3;0;0
01;5;2023-07-10;169;124;14;0;132;17;0;0;0
01;6;2023-07-10;419;239;32;23;351;54;25;0;0
01;8;2023-07-10;383;614;611;2288;498;739;2354;4013;895
01;9;2023-07-10;16;14;19;48;12;25;48;88;13
01;10;2023-07-10;5;2;0;1;2;0;1;0;0
01;12;2023-07-10;0;0;2;0;0;2;0;2;0
02;1;2023-07-10;144521;135768;86958;6343;140244;90992;6828;0;149
02;2;2023-07-10;1035;949;1194;21;971;1304;32;0;0
02;3;2023-07-10;2198;1385;1;0;1420;0;0;0;0
02;4;2023-07-10;2279;158;22;0;2273;163;12;0;0
02;5;2023-07-10;226;171;6;0;193;6;0;0;0
02;6;2023-07-10;375;242;4;0;298;12;0;0;0
02;8;2023-07-10;181;230;364;2155;153;453;2164;3561;899
02;9;2023-07-10;5;5;1;14;6;2;10;18;6
02;10;2023-07-10;4;2;1;2;2;1;2;0;0
02;12;2023-07-10;0;0;1;0;0;1;0;2;1
03;1;2023-07-10;98092;82625;40767;2188;88488;45097;2607;0;73
03;2;2023-07-10;661;645;712;7;642;803;17;0;1
03;3;2023-07-10;199;102;0;0;108;0;0;0;0
03;4;2023-07-10;181;9;9;0;179;17;1;0;0
03;5;2023-07-10;606;462;2;0;507;1;0;0;0
03;6;2023-07-10;397;223;4;0;344;32;0;0;0
03;8;2023-07-10;216;254;368;876;218;406;927;1583;238
03;9;2023-07-10;2;2;1;12;3;1;11;13;1
03;10;2023-07-10;4;3;1;2;3;1;2;0;0
03;12;2023-07-10;1;1;6;1;1;3;4;8;0
04;1;2023-07-10;558374;548003;355564;22983;546884;367421;25501;0;769
04;2;2023-07-10;1922;1888;2298;28;1876;2547;65;0;0
04;3;2023-07-10;693;327;0;0;366;3;0;0;0
04;4;2023-07-10;17171;171;30;1;17172;152;25;0;1
04;5;2023-07-10;1531;1152;24;1;1227;29;0;0;0
04;6;2023-07-10;714;487;18;22;635;41;24;0;21
04;8;2023-07-10;262;436;1444;5782;258;1619;5827;10221;2626
04;9;2023-07-10;1;2;12;20;1;12;18;42;12
04;10;2023-07-10;2;1;4;1;1;4;1;0;0
04;12;2023-07-10;0;2;3;1;0;5;1;7;1
06;1;2023-07-10;161365;134234;44907;600;138982;49379;1579;0;23
06;2;2023-07-10;460;500;651;9;443;762;13;0;0
06;3;2023-07-10;97;44;1;0;47;1;0;0;0
06;4;2023-07-10;101;2;0;0;101;2;0;0;0
06;5;2023-07-10;283;161;4;0;173;4;0;0;0
06;6;2023-07-10;9;5;0;1;7;0;1;0;0
06;8;2023-07-10;83;131;1490;331;77;1416;445;1929;65
06;9;2023-07-10;0;1;4;4;1;4;4;9;1
06;12;2023-07-10;0;0;1;2;0;1;2;3;0
07;1;2023-07-10;7952;7714;5169;260;7746;5656;366;0;17
07;2;2023-07-10;579;557;278;10;544;350;10;0;0
07;3;2023-07-10;140;97;2;0;108;2;0;0;0
07;4;2023-07-10;308;11;1;0;311;8;1;0;0
07;5;2023-07-10;17;12;0;0;15;0;0;0;0
07;6;2023-07-10;16;14;1;0;15;0;1;0;0
07;8;2023-07-10;6;8;20;81;6;23;80;136;30
07;9;2023-07-10;0;0;0;0;0;0;0;2;2
08;1;2023-07-10;13595;11953;6029;436;12891;6548;525;0;9
08;2;2023-07-10;833;750;289;8;783;323;13;0;0
08;3;2023-07-10;212;115;1;0;119;1;0;0;0
08;4;2023-07-10;86;1;0;0;86;1;0;0;0
08;5;2023-07-10;56;47;1;0;47;1;0;0;0
08;6;2023-07-10;23;12;1;6;19;1;6;0;0
08;8;2023-07-10;52;70;48;201;58;65;197;361;96
08;9;2023-07-10;0;0;2;0;0;0;2;5;3
08;12;2023-07-10;0;1;0;0;1;0;0;0;0
11;1;2023-07-10;7652878;7318939;4342927;855958;7693871;4844776;929704;0;15941
11;2;2023-07-10;911077;1054328;1788995;49665;915996;2037818;66666;0;1063
11;3;2023-07-10;648526;462442;518;0;500214;479;14;0;0
11;4;2023-07-10;121669;1229;334;17;121876;850;154;0;2
11;5;2023-07-10;48727;30908;627;222;41502;1142;274;0;19
11;6;2023-07-10;2879;2242;468;643;2675;658;635;0;135
11;8;2023-07-10;5431;12534;78197;536614;5466;53165;558785;991325;361363
11;9;2023-07-10;174;423;3153;25443;202;1814;26274;38721;10427
11;10;2023-07-10;64;48;197;855;26;133;909;0;459
11;11;2023-07-10;0;0;0;1;0;0;1;0;0
11;12;2023-07-10;51;117;402;1295;48;292;1442;4819;2225
24;1;2023-07-10;1595838;1584509;1080297;289117;1602870;1139934;299077;0;5894
24;2;2023-07-10;237035;273661;469399;19362;240490;511159;24708;0;364
24;3;2023-07-10;187871;154192;199;0;159386;45;1;0;0
24;4;2023-07-10;46710;114;25;0;46734;48;4;0;0
24;5;2023-07-10;11663;8086;153;41;9368;184;46;0;2
24;6;2023-07-10;515;402;60;101;480;79;121;0;25
24;8;2023-07-10;869;1473;13553;146530;815;9610;148364;273065;109896
24;9;2023-07-10;33;60;591;6869;34;399;6914;10221;2863
24;10;2023-07-10;6;7;19;95;5;22;91;0;94
24;12;2023-07-10;13;26;87;352;14;74;364;1481;805
27;1;2023-07-10;1664988;1652566;1165604;265539;1674189;1253859;275418;0;4124
27;2;2023-07-10;284735;312831;407783;16977;286684;449383;21227;0;278
27;3;2023-07-10;189581;149774;186;0;158728;59;1;0;0
27;4;2023-07-10;44956;168;40;3;44990;79;16;0;4
27;5;2023-07-10;10560;6998;108;22;8390;147;23;0;1
27;6;2023-07-10;657;485;90;124;612;106;150;0;53
27;8;2023-07-10;849;1578;15109;140910;842;10541;143521;245000;86334
27;9;2023-07-10;54;82;1037;10944;54;683;11089;16510;4678
27;10;2023-07-10;5;15;27;136;6;23;143;0;110
27;12;2023-07-10;18;31;111;484;17;107;507;2062;1114
28;1;2023-07-10;2074724;2067742;1327250;342205;2090509;1401727;354892;0;6019
28;2;2023-07-10;330025;379399;709128;19206;333834;767557;26387;0;360
28;3;2023-07-10;252501;202101;122;0;209962;36;0;0;0
28;4;2023-07-10;58998;222;68;2;59087;105;9;0;0
28;5;2023-07-10;19757;13778;236;28;15913;302;32;0;3
28;6;2023-07-10;547;403;96;256;497;106;277;0;52
28;8;2023-07-10;792;1556;16926;191766;826;11922;194640;338192;125271
28;9;2023-07-10;29;44;774;9046;26;463;9123;13180;3541
28;10;2023-07-10;6;9;30;214;7;22;215;0;133
28;11;2023-07-10;0;0;1;0;0;1;0;0;0
28;12;2023-07-10;8;13;78;392;6;67;403;1726;950
32;1;2023-07-10;3623433;3591144;2498941;527200;3650026;2706827;559965;0;10861
32;2;2023-07-10;531365;603172;875972;20002;535822;986302;33029;0;572
32;3;2023-07-10;461931;366951;552;0;388951;140;1;0;0
32;4;2023-07-10;95805;374;79;4;95827;205;43;0;0
32;5;2023-07-10;32362;22137;351;89;26417;522;104;0;6
32;6;2023-07-10;922;722;113;264;880;158;305;0;82
32;8;2023-07-10;1777;3456;33725;287930;1778;23039;293623;510759;184206
32;9;2023-07-10;39;90;1153;10198;37;622;10331;14423;3411
32;10;2023-07-10;5;6;37;170;4;26;162;0;155
32;12;2023-07-10;16;37;131;543;20;119;528;1963;1014
44;1;2023-07-10;3296894;3260956;2171199;465881;3317998;2336722;486489;0;7753
44;2;2023-07-10;540632;610618;939669;39929;549739;1033070;49196;0;752
44;3;2023-07-10;378353;293484;276;0;308988;118;5;0;0
44;4;2023-07-10;85230;371;63;2;85299;165;19;0;0
44;5;2023-07-10;24761;17498;251;101;20308;392;111;0;5
44;6;2023-07-10;1054;853;139;148;979;198;178;0;55
44;8;2023-07-10;1832;3222;27455;271774;1702;19598;276454;461417;158245
44;9;2023-07-10;81;115;1442;14661;66;933;14882;20811;4894
44;10;2023-07-10;9;17;32;145;8;27;139;0;69
44;11;2023-07-10;1;1;3;0;1;2;0;0;0
44;12;2023-07-10;32;41;186;720;23;161;795;3158;1659
52;1;2023-07-10;2457756;2452571;1622004;403263;2473037;1705311;414244;0;6742
52;2;2023-07-10;340809;389476;713601;15162;348458;769735;22082;0;230
52;3;2023-07-10;281627;227619;331;0;234681;80;1;0;0
52;4;2023-07-10;63022;159;21;2;63070;54;5;0;0
52;5;2023-07-10;21231;14078;257;72;16482;315;77;0;2
52;6;2023-07-10;670;536;85;125;623;101;143;0;45
52;8;2023-07-10;730;1718;20851;237937;706;16097;241376;414764;149325
52;9;2023-07-10;19;41;669;8289;23;480;8273;11287;2484
52;10;2023-07-10;2;4;16;91;1;16;87;0;47
52;12;2023-07-10;7;14;74;356;9;67;372;1507;828
53;1;2023-07-10;2145481;2150252;1397383;387043;2155200;1447360;393075;0;6282
53;2;2023-07-10;333968;387020;769025;16793;350674;809250;22375;0;277
53;3;2023-07-10;283437;229270;258;0;233972;47;0;0;0
53;4;2023-07-10;62288;173;23;3;62298;52;9;0;0
53;5;2023-07-10;19167;13698;147;48;15303;208;53;0;0
53;6;2023-07-10;781;622;66;93;717;99;103;0;35
53;8;2023-07-10;1055;1530;15744;226705;946;14124;228634;394847;144341
53;9;2023-07-10;29;38;550;8664;16;470;8749;12134;2882
53;10;2023-07-10;2;2;20;102;1;15;106;0;145
53;12;2023-07-10;7;26;102;495;18;83;557;2436;1283
75;1;2023-07-10;3738527;3748153;2540306;674809;3764975;2650544;684293;0;11256
75;2;2023-07-10;619760;689816;1177175;41340;624250;1257578;52130;0;657
75;3;2023-07-10;471363;385274;486;0;394529;162;1;0;0
75;4;2023-07-10;120819;491;52;11;120916;187;24;0;1
75;5;2023-07-10;23492;15298;292;169;17952;380;174;0;4
75;6;2023-07-10;1465;1145;145;305;1350;202;312;0;59
75;8;2023-07-10;2283;3756;29430;361665;2251;25818;364827;654860;250388
75;9;2023-07-10;117;200;1368;17608;133;1131;17389;26324;7658
75;10;2023-07-10;12;12;45;221;10;40;231;0;195
75;12;2023-07-10;21;36;162;666;18;153;706;3154;1672
76;1;2023-07-10;3601351;3554947;2401841;543442;3609756;2557088;559370;0;8609
76;2;2023-07-10;557407;613393;915563;24932;563763;999309;32956;0;527
76;3;2023-07-10;390473;313421;468;1;324254;233;0;0;0
76;4;2023-07-10;104350;672;114;5;104487;348;53;0;5
76;5;2023-07-10;14424;9486;300;68;11647;409;81;0;0
76;6;2023-07-10;2065;1635;206;346;1914;341;360;0;137
76;8;2023-07-10;2555;4927;29438;310693;2671;24368;315812;541689;191902
76;9;2023-07-10;81;158;1212;12395;87;905;12496;18364;4880
76;10;2023-07-10;18;22;82;323;16;57;356;0;165
76;11;2023-07-10;0;1;0;0;1;0;0;0;0
76;12;2023-07-10;25;47;130;477;26;123;517;1826;879
84;1;2023-07-10;4994681;4870016;3084250;652625;5024886;3407746;691150;0;10742
84;2;2023-07-10;644891;742041;1156765;38205;653938;1308629;47054;0;564
84;3;2023-07-10;511304;387250;474;0;415701;180;8;0;1
84;4;2023-07-10;102360;563;109;5;102479;254;47;0;2
84;5;2023-07-10;28633;18790;339;78;23226;617;85;0;2
84;6;2023-07-10;1655;1209;195;464;1552;292;485;0;150
84;8;2023-07-10;1935;5315;50109;393444;2104;31163;407779;685156;234788
84;9;2023-07-10;83;193;2060;17036;82;1145;17573;25698;6867
84;10;2023-07-10;11;23;150;869;9;101;871;0;511
84;11;2023-07-10;2;0;0;0;0;0;0;0;0
84;12;2023-07-10;19;63;210;787;25;187;872;3268;1656
93;1;2023-07-10;2999409;2927612;2036041;406535;2995592;2225739;427679;0;8421
93;2;2023-07-10;511430;538350;569414;25920;509489;648414;33263;0;645
93;3;2023-07-10;271168;212601;364;0;223117;278;2;0;0
93;4;2023-07-10;93964;945;235;10;94165;632;114;0;3
93;5;2023-07-10;9354;6365;301;61;7638;376;85;0;2
93;6;2023-07-10;2474;2035;565;530;2312;510;578;0;202
93;8;2023-07-10;3864;6702;27128;219281;3983;20878;226204;392011;138229
93;9;2023-07-10;162;299;1346;11433;174;957;11676;18596;5840
93;10;2023-07-10;38;28;65;236;19;47;252;0;114
93;11;2023-07-10;1;1;0;0;1;0;0;0;0
93;12;2023-07-10;46;78;116;318;49;118;347;1393;628
94;1;2023-07-10;202070;199336;145601;19481;201550;151726;19651;0;529
94;2;2023-07-10;21215;22055;23990;593;21067;25903;788;0;10
94;3;2023-07-10;10134;7170;5;0;7354;4;0;0;0
94;4;2023-07-10;3906;35;8;0;3919;19;5;0;0
94;5;2023-07-10;273;186;5;9;210;7;9;0;0
94;6;2023-07-10;92;76;6;6;90;9;7;0;3
94;8;2023-07-10;170;241;986;12109;168;968;12304;19530;5922
94;9;2023-07-10;3;10;30;252;5;28;245;345;71
94;10;2023-07-10;2;2;3;4;1;3;4;0;5
94;12;2023-07-10;1;1;2;3;1;2;3;14;7
01;0;2023-07-10;152189;139567;83939;8656;146147;89052;8933;4103;1021
02;0;2023-07-10;150824;138910;88552;8535;145560;92934;9048;3581;1055
03;0;2023-07-10;100359;84326;41870;3086;90493;46361;3569;1604;313
04;0;2023-07-10;580670;552469;359397;28839;568420;371833;31462;10270;3430
06;0;2023-07-10;162398;135078;47058;947;139831;51569;2044;1941;89
07;0;2023-07-10;9018;8413;5471;351;8745;6039;458;138;49
08;0;2023-07-10;14857;12949;6371;651;14004;6940;743;366;108
11;0;2023-07-10;9391476;8883212;6215818;1470714;9281878;6941127;1584859;1034865;391636
24;0;2023-07-10;2080553;2022530;1564383;462467;2060196;1661554;479690;284767;119944
27;0;2023-07-10;2196404;2124528;1590096;435139;2174513;1714988;452095;263572;96696
28;0;2023-07-10;2737387;2665267;2054709;563115;2710667;2182308;585978;353098;136329
32;0;2023-07-10;4747655;4588089;3411054;846400;4699762;3717960;898091;527145;200307
44;0;2023-07-10;4328879;4187177;3140715;793361;4285112;3391386;828268;485386;173432
52;0;2023-07-10;3165874;3086216;2357910;665298;3137091;2492257;686661;427558;159703
53;0;2023-07-10;2846216;2782631;2183318;639947;2819146;2271708;653662;409417;155245
75;0;2023-07-10;4977859;4844181;3749461;1096795;4926384;3936195;1120087;684338;271890
76;0;2023-07-10;4672749;4498709;3349354;892682;4618622;3583181;922001;561879;207104
84;0;2023-07-10;6285574;6025463;4294661;1103513;6224002;4750314;1165924;714122;255283
93;0;2023-07-10;3891910;3695016;2635575;664324;3836539;2897949;700200;412000;154084
94;0;2023-07-10;237866;229112;170636;32457;234365;178669;33016;19889;6547
