reg;sexe;jour;n_tot_dose1;n_tot_complet;n_tot_rappel;n_tot_2_rappel;n_tot_rappel_biv;n_tot_3_rappel;couv_tot_dose1;couv_tot_complet;couv_tot_rappel;couv_tot_2_rappel;couv_tot_rappel_biv;couv_tot_3_rappel
01;1;2023-07-10;67863;65015;39437;4399;2057;554;40.0;38.4;23.3;2.6;1.2;0.3
01;2;2023-07-10;84215;81045;49608;4532;2046;467;41.4;39.8;24.4;2.2;1.0;0.2
02;1;2023-07-10;67514;65019;41151;4351;1749;545;42.4;40.8;25.8;2.7;1.1;0.3
02;2;2023-07-10;82938;80293;51718;4692;1830;509;43.4;42.0;27.1;2.5;1.0;0.3
03;1;2023-07-10;50507;45087;23069;1929;815;192;35.6;31.8;16.3;1.4;0.6;0.1
03;2;2023-07-10;48346;44221;23175;1634;784;121;31.7;29.0;15.2;1.1;0.5;0.1
04;1;2023-07-10;275753;269428;173352;15994;5222;1916;67.1;65.5;42.2;3.9;1.3;0.5
04;2;2023-07-10;304635;298773;198465;15466;5048;1514;66.6;65.3;43.4;3.4;1.1;0.3
06;1;2023-07-10;71496;60460;22671;1095;836;57;50.1;42.4;15.9;0.8;0.6;0.0
06;2;2023-07-10;90108;78764;28759;947;1104;31;57.5;50.3;18.4;0.6;0.7;0.0
07;1;2023-07-10;5176;5025;3499;254;77;30;96.3;93.5;65.1;4.7;1.4;0.6
07;2;2023-07-10;3784;3673;2529;200;61;19;79.7;77.4;53.3;4.2;1.3;0.4
08;1;2023-07-10;6987;6565;3378;402;175;60;43.2;40.6;20.9;2.5;1.1;0.4
08;2;2023-07-10;7655;7285;3509;323;186;46;42.8;40.7;19.6;1.8;1.0;0.3
11;1;2023-07-10;4549905;4493513;3308685;721946;475753;177959;76.1;75.1;55.3;12.1;8.0;3.0
11;2;2023-07-10;4841534;4788332;3632431;862913;559111;213677;75.5;74.7;56.6;13.5;8.7;3.3
24;1;2023-07-10;1002350;991604;784566;217111;130041;54482;80.6;79.7;63.1;17.5;10.5;4.4
24;2;2023-07-10;1078194;1068584;876986;262579;154726;65462;81.6;80.9;66.4;19.9;11.7;5.0
27;1;2023-07-10;1060358;1048883;811777;207235;121532;44376;78.2;77.4;59.9;15.3;9.0;3.3
27;2;2023-07-10;1136040;1125625;903209;244860;142040;52320;79.4;78.7;63.2;17.1;9.9;3.7
28;1;2023-07-10;1316683;1302266;1026837;262873;159507;61311;82.3;81.4;64.2;16.4;10.0;3.8
28;2;2023-07-10;1420690;1408388;1155466;323103;193591;75018;83.2;82.5;67.7;18.9;11.3;4.4
32;1;2023-07-10;2291318;2266032;1759578;407986;241798;91787;79.0;78.1;60.7;14.1;8.3;3.2
32;2;2023-07-10;2456312;2433706;1958374;490101;285344;108520;79.6;78.9;63.5;15.9;9.2;3.5
44;1;2023-07-10;2094238;2070935;1610852;382256;226896;80569;77.5;76.6;59.6;14.1;8.4;3.0
44;2;2023-07-10;2234622;2214160;1780526;446009;258490;92863;78.7;78.0;62.7;15.7;9.1;3.3
52;1;2023-07-10;1536945;1521559;1186382;310371;193621;71576;81.5;80.7;62.9;16.5;10.3;3.8
52;2;2023-07-10;1628915;1615522;1305872;376289;233936;88127;82.0;81.3;65.7;18.9;11.8;4.4
53;1;2023-07-10;1373752;1359340;1072376;293761;184797;69748;83.1;82.2;64.8;17.8;11.2;4.2
53;2;2023-07-10;1472450;1459792;1199329;359900;224620;85497;84.2;83.5;68.6;20.6;12.8;4.9
75;1;2023-07-10;2386806;2359902;1849240;508350;311824;123224;81.6;80.7;63.2;17.4;10.7;4.2
75;2;2023-07-10;2591018;2566448;2086944;611732;372510;148664;82.0;81.3;66.1;19.4;11.8;4.7
76;1;2023-07-10;2248564;2220572;1692291;428192;262641;97464;76.8;75.9;57.8;14.6;9.0;3.3
76;2;2023-07-10;2424163;2398030;1890881;493805;299236;109640;77.5;76.7;60.5;15.8;9.6;3.5
84;1;2023-07-10;3046189;3014194;2261793;536009;329990;116966;76.8;76.0;57.0;13.5;8.3;2.9
84;2;2023-07-10;3239363;3209788;2488516;629914;384131;138316;77.4;76.7;59.4;15.0;9.2;3.3
93;1;2023-07-10;1853745;1825663;1357007;326071;192859;73059;75.6;74.5;55.4;13.3;7.9;3.0
93;2;2023-07-10;2038148;2010860;1540938;374129;219139;81025;76.0;75.0;57.5;14.0;8.2;3.0
94;1;2023-07-10;114632;112820;84720;15985;9696;3214;67.5;66.4;49.9;9.4;5.7;1.9
94;2;2023-07-10;123221;121533;93942;17031;10193;3333;68.6;67.6;52.3;9.5;5.7;1.9
01;0;2023-07-10;152189;146147;89052;8933;4103;1021;40.8;39.2;23.9;2.4;1.1;0.3
02;0;2023-07-10;150824;145560;92934;9048;3581;1055;43.0;41.5;26.5;2.6;1.0;0.3
03;0;2023-07-10;100359;90493;46361;3569;1604;313;34.1;30.7;15.7;1.2;0.5;0.1
04;0;2023-07-10;580670;568420;371833;31462;10270;3430;66.8;65.4;42.8;3.6;1.2;0.4
06;0;2023-07-10;162398;139831;51569;2044;1941;89;54.3;46.7;17.2;0.7;0.6;0.0
07;0;2023-07-10;9018;8745;6039;458;138;49;89.1;86.4;59.7;4.5;1.4;0.5
08;0;2023-07-10;14857;14004;6940;743;366;108;43.6;41.1;20.4;2.2;1.1;0.3
11;0;2023-07-10;9391476;9281878;6941127;1584859;1034865;391636;75.8;74.9;56.0;12.8;8.3;3.2
24;0;2023-07-10;2080553;2060196;1661554;479690;284767;119944;81.1;80.3;64.8;18.7;11.1;4.7
27;0;2023-07-10;2196404;2174513;1714988;452095;263572;96696;78.9;78.1;61.6;16.2;9.5;3.5
28;0;2023-07-10;2737387;2710667;2182308;585978;353098;136329;82.8;82.0;66.0;17.7;10.7;4.1
32;0;2023-07-10;4747655;4699762;3717960;898091;527145;200307;79.3;78.5;62.1;15.0;8.8;3.3
44;0;2023-07-10;4328879;4285112;3391386;828268;485386;173432;78.1;77.3;61.2;14.9;8.8;3.1
52;0;2023-07-10;3165874;3137091;2492257;686661;427558;159703;81.7;81.0;64.3;17.7;11.0;4.1
53;0;2023-07-10;2846216;2819146;2271708;653662;409417;155245;83.6;82.8;66.8;19.2;12.0;4.6
75;0;2023-07-10;4977859;4926384;3936195;1120087;684338;271890;81.8;81.0;64.7;18.4;11.3;4.5
76;0;2023-07-10;4672749;4618622;3583181;922001;561879;207104;77.2;76.3;59.2;15.2;9.3;3.4
84;0;2023-07-10;6285574;6224002;4750314;1165924;714122;255283;77.1;76.3;58.3;14.3;8.8;3.1
93;0;2023-07-10;3891910;3836539;2897949;700200;412000;154084;75.8;74.8;56.5;13.6;8.0;3.0
94;0;2023-07-10;237866;234365;178669;33016;19889;6547;68.1;67.1;51.1;9.4;5.7;1.9
