reg;clage_vacsi;jour;n_tot_dose1;n_tot_complet;n_tot_rappel;n_tot_2_rappel;n_tot_rappel_biv;n_tot_3_rappel;pop;couv_tot_dose1;couv_tot_complet;couv_tot_rappel;couv_tot_2_rappel;couv_tot_rappel_biv;couv_tot_3_rappel
01;04;2023-07-10;18;9;3;0;0;0;18516.0;0.1;0.0;0.0;0.0;0.0;0.0
01;11;2023-07-10;178;151;20;0;1;0;8800.0;2.0;1.7;0.2;0.0;0.0;0.0
01;17;2023-07-10;8559;8118;1618;41;69;1;29902.0;28.6;27.1;5.4;0.1;0.2;0.0
01;24;2023-07-10;13602;12645;6310;124;345;1;28894.0;47.1;43.8;21.8;0.4;1.2;0.0
01;29;2023-07-10;7108;6696;3439;91;59;2;16428.0;43.3;40.8;20.9;0.6;0.4;0.0
01;39;2023-07-10;17564;16802;9412;278;183;7;36227.0;48.5;46.4;26.0;0.8;0.5;0.0
01;49;2023-07-10;22573;21740;13278;443;280;12;44530.0;50.7;48.8;29.8;1.0;0.6;0.0
01;59;2023-07-10;29226;28259;18505;1166;666;85;60088.0;48.6;47.0;30.8;1.9;1.1;0.1
01;09;2023-07-10;118;86;5;0;2;0;20498.0;0.6;0.4;0.0;0.0;0.0;0.0
01;64;2023-07-10;13693;13270;9139;1428;524;182;28059.0;48.8;47.3;32.6;5.1;1.9;0.6
01;69;2023-07-10;12613;12310;9087;1741;650;209;24664.0;51.1;49.9;36.8;7.1;2.6;0.8
01;74;2023-07-10;10826;10564;7705;1489;551;219;20230.0;53.5;52.2;38.1;7.4;2.7;1.1
01;79;2023-07-10;7635;7411;5341;1115;419;156;14863.0;51.4;49.9;35.9;7.5;2.8;1.0
01;80;2023-07-10;8476;8086;5190;1017;354;147;21240.0;39.9;38.1;24.4;4.8;1.7;0.7
02;04;2023-07-10;17;8;8;0;0;0;15725.0;0.1;0.1;0.1;0.0;0.0;0.0
02;11;2023-07-10;210;190;9;0;0;0;7509.0;2.8;2.5;0.1;0.0;0.0;0.0
02;17;2023-07-10;7934;7571;1419;22;34;0;25105.0;31.6;30.2;5.7;0.1;0.1;0.0
02;24;2023-07-10;12214;11364;5519;98;120;2;25613.0;47.7;44.4;21.5;0.4;0.5;0.0
02;29;2023-07-10;6906;6514;3332;99;63;2;14946.0;46.2;43.6;22.3;0.7;0.4;0.0
02;39;2023-07-10;17605;16862;9655;312;195;5;34226.0;51.4;49.3;28.2;0.9;0.6;0.0
02;49;2023-07-10;20521;19820;12706;428;277;27;38563.0;53.2;51.4;32.9;1.1;0.7;0.1
02;59;2023-07-10;29182;28329;19238;1149;551;90;59883.0;48.7;47.3;32.1;1.9;0.9;0.2
02;09;2023-07-10;144;120;7;0;0;0;17399.0;0.8;0.7;0.0;0.0;0.0;0.0
02;64;2023-07-10;14584;14226;10317;1404;439;153;29202.0;49.9;48.7;35.3;4.8;1.5;0.5
02;69;2023-07-10;13124;12836;9894;1668;559;213;24798.0;52.9;51.8;39.9;6.7;2.3;0.9
02;74;2023-07-10;11016;10808;8417;1640;604;263;19777.0;55.7;54.6;42.6;8.3;3.1;1.3
02;79;2023-07-10;7634;7488;5762;1070;361;161;14685.0;52.0;51.0;39.2;7.3;2.5;1.1
02;80;2023-07-10;9733;9424;6651;1158;378;139;22942.0;42.4;41.1;29.0;5.0;1.6;0.6
03;04;2023-07-10;47;24;2;0;0;0;30584.0;0.2;0.1;0.0;0.0;0.0;0.0
03;11;2023-07-10;365;305;20;0;1;0;12084.0;3.0;2.5;0.2;0.0;0.0;0.0
03;17;2023-07-10;9268;8091;1657;27;71;0;35486.0;26.1;22.8;4.7;0.1;0.2;0.0
03;24;2023-07-10;13448;11419;5049;123;129;1;33017.0;40.7;34.6;15.3;0.4;0.4;0.0
03;29;2023-07-10;8810;7781;3489;115;85;4;19075.0;46.2;40.8;18.3;0.6;0.4;0.0
03;39;2023-07-10;19632;17639;8810;308;174;7;40383.0;48.6;43.7;21.8;0.8;0.4;0.0
03;49;2023-07-10;18079;16534;9045;350;175;6;35506.0;50.9;46.6;25.5;1.0;0.5;0.0
03;59;2023-07-10;15599;14474;8917;711;324;47;27701.0;56.3;52.3;32.2;2.6;1.2;0.2
03;09;2023-07-10;382;302;12;0;0;0;30494.0;1.3;1.0;0.0;0.0;0.0;0.0
03;64;2023-07-10;5635;5327;3524;710;217;74;10463.0;53.9;50.9;33.7;6.8;2.1;0.7
03;69;2023-07-10;3897;3673;2523;485;181;66;7784.0;50.1;47.2;32.4;6.2;2.3;0.8
03;74;2023-07-10;2508;2383;1626;388;135;59;5210.0;48.1;45.7;31.2;7.4;2.6;1.1
03;79;2023-07-10;1427;1360;935;208;69;35;3234.0;44.1;42.1;28.9;6.4;2.1;1.1
03;80;2023-07-10;1262;1181;752;144;43;14;3415.0;37.0;34.6;22.0;4.2;1.3;0.4
04;04;2023-07-10;39;14;6;0;0;0;57556.0;0.1;0.0;0.0;0.0;0.0;0.0
04;11;2023-07-10;1251;1033;86;1;10;0;25778.0;4.9;4.0;0.3;0.0;0.0;0.0
04;17;2023-07-10;55193;52922;9974;144;309;4;81261.0;67.9;65.1;12.3;0.2;0.4;0.0
04;24;2023-07-10;64102;61857;34143;407;464;9;77953.0;82.2;79.4;43.8;0.5;0.6;0.0
04;29;2023-07-10;38278;37162;21328;354;266;7;46535.0;82.3;79.9;45.8;0.8;0.6;0.0
04;39;2023-07-10;88762;86893;54688;1122;703;39;105522.0;84.1;82.3;51.8;1.1;0.7;0.0
04;49;2023-07-10;95004;93562;66416;1735;996;76;111042.0;85.6;84.3;59.8;1.6;0.9;0.1
04;59;2023-07-10;103145;101904;77862;4954;1731;346;125976.0;81.9;80.9;61.8;3.9;1.4;0.3
04;09;2023-07-10;838;639;8;0;0;0;62916.0;1.3;1.0;0.0;0.0;0.0;0.0
04;64;2023-07-10;41523;41053;33226;5808;1403;639;51671.0;80.4;79.5;64.3;11.2;2.7;1.2
04;69;2023-07-10;34324;33967;28200;6052;1500;764;43867.0;78.2;77.4;64.3;13.8;3.4;1.7
04;74;2023-07-10;24000;23740;19726;4830;1353;683;30665.0;78.3;77.4;64.3;15.8;4.4;2.2
04;79;2023-07-10;15799;15623;12554;2956;771;442;20892.0;75.6;74.8;60.1;14.1;3.7;2.1
04;80;2023-07-10;18412;18051;13616;3099;764;421;27212.0;67.7;66.3;50.0;11.4;2.8;1.5
06;04;2023-07-10;111;47;4;0;0;0;47067.0;0.2;0.1;0.0;0.0;0.0;0.0
06;11;2023-07-10;428;245;7;0;1;0;16383.0;2.6;1.5;0.0;0.0;0.0;0.0
06;17;2023-07-10;26973;20401;2244;7;123;0;44126.0;61.1;46.2;5.1;0.0;0.3;0.0
06;24;2023-07-10;26665;22148;6248;86;249;1;28729.0;92.8;77.1;21.7;0.3;0.9;0.0
06;29;2023-07-10;17935;15358;4886;118;187;2;19945.0;89.9;77.0;24.5;0.6;0.9;0.0
06;39;2023-07-10;35093;31120;11989;363;449;5;40363.0;86.9;77.1;29.7;0.9;1.1;0.0
06;49;2023-07-10;27942;25484;12300;445;400;7;30113.0;92.8;84.6;40.8;1.5;1.3;0.0
06;59;2023-07-10;15942;14748;8437;485;322;18;15800.0;99.0;93.3;53.4;3.1;2.0;0.1
06;09;2023-07-10;153;92;2;0;0;0;43945.0;0.3;0.2;0.0;0.0;0.0;0.0
06;64;2023-07-10;4732;4400;2562;296;111;28;4916.0;96.3;89.5;52.1;6.0;2.3;0.6
06;69;2023-07-10;2996;2763;1542;152;67;17;3367.0;89.0;82.1;45.8;4.5;2.0;0.5
06;74;2023-07-10;1745;1570;771;56;21;9;1902.0;91.7;82.5;40.5;2.9;1.1;0.5
06;79;2023-07-10;903;796;339;22;10;2;1341.0;67.3;59.4;25.3;1.6;0.7;0.1
06;80;2023-07-10;780;659;238;14;1;0;1351.0;57.7;48.8;17.6;1.0;0.1;0.0
07;04;2023-07-10;5;5;3;0;0;0;525.6;1.0;1.0;0.6;0.0;0.0;0.0
07;11;2023-07-10;19;18;4;0;0;0;186.0;10.2;9.7;2.2;0.0;0.0;0.0
07;17;2023-07-10;366;351;119;1;2;0;548.9;66.7;63.9;21.7;0.2;0.4;0.0
07;24;2023-07-10;780;744;471;18;4;0;769.4;99.0;96.7;61.2;2.3;0.5;0.0
07;29;2023-07-10;931;895;603;22;3;1;976.0;95.4;91.7;61.8;2.3;0.3;0.1
07;39;2023-07-10;1963;1898;1295;49;10;1;1780.9;99.0;99.0;72.7;2.8;0.6;0.1
07;49;2023-07-10;1791;1747;1208;43;11;0;1837.2;97.5;95.1;65.8;2.3;0.6;0.0
07;59;2023-07-10;1738;1706;1276;70;21;3;1573.2;99.0;99.0;81.1;4.4;1.3;0.2
07;09;2023-07-10;13;12;3;0;0;0;525.5;2.5;2.3;0.6;0.0;0.0;0.0
07;64;2023-07-10;514;502;374;68;17;6;440.2;99.0;99.0;85.0;15.4;3.9;1.4
07;69;2023-07-10;355;341;274;61;23;13;314.1;99.0;99.0;87.2;19.4;7.3;4.1
07;74;2023-07-10;244;235;190;53;16;10;255.1;95.6;92.1;74.5;20.8;6.3;3.9
07;79;2023-07-10;166;163;127;43;19;6;172.7;96.1;94.4;73.5;24.9;11.0;3.5
07;80;2023-07-10;133;128;92;30;12;9;219.3;60.7;58.4;42.0;13.7;5.5;4.1
08;04;2023-07-10;9;3;0;0;0;0;2527.2;0.4;0.1;0.0;0.0;0.0;0.0
08;11;2023-07-10;38;33;4;0;0;0;1175.1;3.2;2.8;0.3;0.0;0.0;0.0
08;17;2023-07-10;935;874;168;1;6;0;3738.5;25.0;23.4;4.5;0.0;0.2;0.0
08;24;2023-07-10;1344;1242;538;13;23;0;2305.9;58.3;53.9;23.3;0.6;1.0;0.0
08;29;2023-07-10;942;879;327;13;8;0;1945.2;48.4;45.2;16.8;0.7;0.4;0.0
08;39;2023-07-10;2546;2384;1020;55;22;0;4495.6;56.6;53.0;22.7;1.2;0.5;0.0
08;49;2023-07-10;2689;2540;1320;64;36;2;5315.7;50.6;47.8;24.8;1.2;0.7;0.0
08;59;2023-07-10;3096;2948;1700;137;63;8;5116.8;60.5;57.6;33.2;2.7;1.2;0.2
08;09;2023-07-10;41;31;2;0;0;0;2690.7;1.5;1.2;0.1;0.0;0.0;0.0
08;64;2023-07-10;1217;1172;680;120;56;26;1774.4;68.6;66.0;38.3;6.8;3.2;1.5
08;69;2023-07-10;855;807;486;127;56;25;1360.0;62.9;59.3;35.7;9.3;4.1;1.8
08;74;2023-07-10;570;552;365;120;52;20;781.2;73.0;70.7;46.7;15.4;6.7;2.6
08;79;2023-07-10;335;321;210;59;28;17;425.2;78.8;75.5;49.4;13.9;6.6;4.0
08;80;2023-07-10;240;218;120;34;16;10;413.4;58.1;52.7;29.0;8.2;3.9;2.4
11;04;2023-07-10;418;166;53;1;1;0;771274.0;0.1;0.0;0.0;0.0;0.0;0.0
11;11;2023-07-10;29624;25958;2349;63;510;1;326550.0;9.1;7.9;0.7;0.0;0.2;0.0
11;17;2023-07-10;715128;696877;168046;5658;9725;82;953925.0;75.0;73.1;17.6;0.6;1.0;0.0
11;24;2023-07-10;970320;956059;665440;23853;17060;412;1104891.0;87.8;86.5;60.2;2.2;1.5;0.0
11;29;2023-07-10;787927;778785;550562;26805;19326;635;827647.0;95.2;94.1;66.5;3.2;2.3;0.1
11;39;2023-07-10;1569643;1551762;1100311;69785;54123;2245;1777238.0;88.3;87.3;61.9;3.9;3.0;0.1
11;49;2023-07-10;1529836;1516535;1166445;100995;82015;4614;1680094.0;91.1;90.3;69.4;6.0;4.9;0.3
11;59;2023-07-10;1458606;1449192;1223941;222815;162086;22605;1554448.0;93.8;93.2;78.7;14.3;10.4;1.5
11;09;2023-07-10;25618;21577;613;7;24;0;804933.0;3.2;2.7;0.1;0.0;0.0;0.0
11;64;2023-07-10;589240;585749;518550;219235;124132;48133;656260.0;89.8;89.3;79.0;33.4;18.9;7.3
11;69;2023-07-10;486313;483040;437606;226174;135244;61729;553747.0;87.8;87.2;79.0;40.8;24.4;11.1
11;74;2023-07-10;456807;453862;418040;246882;153066;78391;500219.0;91.3;90.7;83.6;49.4;30.6;15.7
11;79;2023-07-10;295363;293040;270062;170102;108167;62399;346360.0;85.3;84.6;78.0;49.1;31.2;18.0
11;80;2023-07-10;476633;469276;419109;272484;169386;110390;537562.0;88.7;87.3;78.0;50.7;31.5;20.5
24;04;2023-07-10;41;13;2;0;0;0;127968.0;0.0;0.0;0.0;0.0;0.0;0.0
24;11;2023-07-10;7158;5961;319;6;95;0;63978.0;11.2;9.3;0.5;0.0;0.1;0.0
24;17;2023-07-10;170255;166815;42667;1021;2187;16;193363.0;88.0;86.3;22.1;0.5;1.1;0.0
24;24;2023-07-10;191206;188909;141405;3899;3277;83;196209.0;97.5;96.3;72.1;2.0;1.7;0.0
24;29;2023-07-10;116523;115075;84572;3047;2482;67;122400.0;95.2;94.0;69.1;2.5;2.0;0.1
24;39;2023-07-10;260308;257551;195629;9373;7796;338;287649.0;90.5;89.5;68.0;3.3;2.7;0.1
24;49;2023-07-10;291234;289294;241185;18247;15079;888;312000.0;93.3;92.7;77.3;5.8;4.8;0.3
24;59;2023-07-10;321439;320052;287188;52807;35932;5488;343085.0;93.7;93.3;83.7;15.4;10.5;1.6
24;09;2023-07-10;5526;4418;46;0;4;0;147306.0;3.8;3.0;0.0;0.0;0.0;0.0
24;64;2023-07-10;155003;154430;144200;65471;34766;13649;165614.0;93.6;93.2;87.1;39.5;21.0;8.2
24;69;2023-07-10;151428;150887;143003;78468;43418;19076;160861.0;94.1;93.8;88.9;48.8;27.0;11.9
24;74;2023-07-10;149952;149303;142667;88249;49655;24577;158093.0;94.9;94.4;90.2;55.8;31.4;15.5
24;79;2023-07-10;93780;93190;88793;58851;33617;19357;105561.0;88.8;88.3;84.1;55.8;31.8;18.3
24;80;2023-07-10;166700;164298;149878;100251;56459;36405;180828.0;92.2;90.9;82.9;55.4;31.2;20.1
27;04;2023-07-10;54;18;4;0;0;0;129644.0;0.0;0.0;0.0;0.0;0.0;0.0
27;11;2023-07-10;6811;5656;309;7;73;0;66499.0;10.2;8.5;0.5;0.0;0.1;0.0
27;17;2023-07-10;170380;166842;37000;771;1905;14;204695.0;83.2;81.5;18.1;0.4;0.9;0.0
27;24;2023-07-10;198922;196469;142728;3335;2792;71;216917.0;91.7;90.6;65.8;1.5;1.3;0.0
27;29;2023-07-10;120990;119412;83689;2699;2281;106;136184.0;88.8;87.7;61.5;2.0;1.7;0.1
27;39;2023-07-10;265996;262983;190286;7690;6334;304;307221.0;86.6;85.6;61.9;2.5;2.1;0.1
27;49;2023-07-10;299596;297469;239234;15217;12293;724;335920.0;89.2;88.6;71.2;4.5;3.7;0.2
27;59;2023-07-10;341098;339526;297190;45603;30890;4235;373764.0;91.3;90.8;79.5;12.2;8.3;1.1
27;09;2023-07-10;5005;3959;35;1;1;0;151720.0;3.3;2.6;0.0;0.0;0.0;0.0
27;64;2023-07-10;169747;169136;154967;60101;31794;10700;185800.0;91.4;91.0;83.4;32.3;17.1;5.8
27;69;2023-07-10;167174;166468;155527;75257;40993;15253;180153.0;92.8;92.4;86.3;41.8;22.8;8.5
27;74;2023-07-10;166212;165419;155920;85439;47104;19159;177458.0;93.7;93.2;87.9;48.1;26.5;10.8
27;79;2023-07-10;103925;103280;97455;57682;31916;15283;119931.0;86.7;86.1;81.3;48.1;26.6;12.7
27;80;2023-07-10;180494;177876;160644;98293;55196;30847;199487.0;90.5;89.2;80.5;49.3;27.7;15.5
28;04;2023-07-10;47;11;0;0;0;0;163371.0;0.0;0.0;0.0;0.0;0.0;0.0
28;11;2023-07-10;11346;9359;379;10;119;0;82760.0;13.7;11.3;0.5;0.0;0.1;0.0
28;17;2023-07-10;232027;227565;55193;1187;2600;30;250280.0;92.7;90.9;22.1;0.5;1.0;0.0
28;24;2023-07-10;262187;259373;198850;5007;4044;94;267512.0;98.0;97.0;74.3;1.9;1.5;0.0
28;29;2023-07-10;162029;160097;119996;4419;3620;119;169629.0;95.5;94.4;70.7;2.6;2.1;0.1
28;39;2023-07-10;355055;351579;269844;12310;9927;460;377828.0;94.0;93.1;71.4;3.3;2.6;0.1
28;49;2023-07-10;379820;377488;317654;22688;18416;1066;399442.0;95.1;94.5;79.5;5.7;4.6;0.3
28;59;2023-07-10;416142;414389;373606;66349;44908;6713;433161.0;96.1;95.7;86.3;15.3;10.4;1.5
28;09;2023-07-10;9583;7729;66;1;3;0;188956.0;5.1;4.1;0.0;0.0;0.0;0.0
28;64;2023-07-10;205596;204837;191388;83768;45057;16426;216337.0;95.0;94.7;88.5;38.7;20.8;7.6
28;69;2023-07-10;199217;198474;188012;100073;56593;23115;210777.0;94.5;94.2;89.2;47.5;26.8;11.0
28;74;2023-07-10;190725;189847;181169;107364;61843;27861;199748.0;95.5;95.0;90.7;53.7;31.0;13.9
28;79;2023-07-10;113068;112375;106675;67970;39599;20640;129182.0;87.5;87.0;82.6;52.6;30.7;16.0
28;80;2023-07-10;200545;197544;179476;114832;66369;39805;218303.0;91.9;90.5;82.2;52.6;30.4;18.2
32;04;2023-07-10;124;33;8;0;0;0;321488.0;0.0;0.0;0.0;0.0;0.0;0.0
32;11;2023-07-10;19446;16233;779;27;196;0;161561.0;12.0;10.0;0.5;0.0;0.1;0.0
32;17;2023-07-10;426661;418580;110254;2688;5168;53;482246.0;88.5;86.8;22.9;0.6;1.1;0.0
32;24;2023-07-10;492456;486868;369565;11346;7552;251;531358.0;92.7;91.6;69.6;2.1;1.4;0.0
32;29;2023-07-10;306178;302497;224505;8954;6255;301;334740.0;91.5;90.4;67.1;2.7;1.9;0.1
32;39;2023-07-10;676268;669780;512425;24384;17865;1000;735181.0;92.0;91.1;69.7;3.3;2.4;0.1
32;49;2023-07-10;704254;699651;582336;44213;33686;2527;755473.0;93.2;92.6;77.1;5.9;4.5;0.3
32;59;2023-07-10;721687;718374;641184;115210;76380;12509;764291.0;94.4;94.0;83.9;15.1;10.0;1.6
32;09;2023-07-10;15503;12698;175;7;7;0;377495.0;4.1;3.4;0.0;0.0;0.0;0.0
32;64;2023-07-10;335700;334307;309612;134722;69706;27863;362487.0;92.6;92.2;85.4;37.2;19.2;7.7
32;69;2023-07-10;314870;313489;294373;154940;84089;36834;339929.0;92.6;92.2;86.6;45.6;24.7;10.8
32;74;2023-07-10;296166;294582;278226;161061;88754;41517;316212.0;93.7;93.2;88.0;50.9;28.1;13.1
32;79;2023-07-10;162687;161548;151600;92181;51777;27069;194721.0;83.5;83.0;77.9;47.3;26.6;13.9
32;80;2023-07-10;275655;271122;242918;148358;85710;50383;309990.0;88.9;87.5;78.4;47.9;27.6;16.3
44;04;2023-07-10;110;43;8;0;0;0;268780.0;0.0;0.0;0.0;0.0;0.0;0.0
44;11;2023-07-10;14965;12604;676;23;182;1;132620.0;11.3;9.5;0.5;0.0;0.1;0.0
44;17;2023-07-10;330719;323781;79863;1825;3432;39;402087.0;82.3;80.5;19.9;0.5;0.9;0.0
44;24;2023-07-10;412729;407471;299323;7777;6225;168;458491.0;90.0;88.9;65.3;1.7;1.4;0.0
44;29;2023-07-10;268208;264780;190682;6543;5120;195;301941.0;88.8;87.7;63.2;2.2;1.7;0.1
44;39;2023-07-10;579100;572639;425019;18534;14609;730;669552.0;86.5;85.5;63.5;2.8;2.2;0.1
44;49;2023-07-10;614374;609934;495693;33750;26646;1788;687317.0;89.4;88.7;72.1;4.9;3.9;0.3
44;59;2023-07-10;687288;683993;603815;97382;64613;9603;753871.0;91.2;90.7;80.1;12.9;8.6;1.3
44;09;2023-07-10;12159;9946;117;6;6;1;309812.0;3.9;3.2;0.0;0.0;0.0;0.0
44;64;2023-07-10;330208;328873;302439;118421;63139;21377;365541.0;90.3;90.0;82.7;32.4;17.3;5.8
44;69;2023-07-10;312577;311228;291106;140846;78051;29694;342639.0;91.2;90.8;85.0;41.1;22.8;8.7
44;74;2023-07-10;289661;288244;271687;148829;83104;34961;312292.0;92.8;92.3;87.0;47.7;26.6;11.2
44;79;2023-07-10;173682;172609;161953;94574;52602;25472;196661.0;88.3;87.8;82.4;48.1;26.7;13.0
44;80;2023-07-10;303099;298967;269005;159758;87657;49403;340490.0;89.0;87.8;79.0;46.9;25.7;14.5
52;04;2023-07-10;91;28;7;0;0;0;196522.0;0.0;0.0;0.0;0.0;0.0;0.0
52;11;2023-07-10;12886;10286;424;11;148;0;101035.0;12.8;10.2;0.4;0.0;0.1;0.0
52;17;2023-07-10;285080;279827;63562;1340;3284;24;306993.0;92.9;91.2;20.7;0.4;1.1;0.0
52;24;2023-07-10;308493;305641;229554;5893;5010;121;323946.0;95.2;94.3;70.9;1.8;1.5;0.0
52;29;2023-07-10;189557;187575;137745;5269;4382;141;198519.0;95.5;94.5;69.4;2.7;2.2;0.1
52;39;2023-07-10;418882;415123;313732;14856;12894;487;448076.0;93.5;92.6;70.0;3.3;2.9;0.1
52;49;2023-07-10;460163;457788;379754;26367;22828;1145;491005.0;93.7;93.2;77.3;5.4;4.6;0.2
52;59;2023-07-10;466916;465251;417338;74787;52703;6935;495554.0;94.2;93.9;84.2;15.1;10.6;1.4
52;09;2023-07-10;9890;7761;84;4;4;0;227771.0;4.3;3.4;0.0;0.0;0.0;0.0
52;64;2023-07-10;224074;223349;209203;94510;52147;17607;238114.0;94.1;93.8;87.9;39.7;21.9;7.4
52;69;2023-07-10;218473;217793;207453;114899;66264;25332;229230.0;95.3;95.0;90.5;50.1;28.9;11.1
52;74;2023-07-10;213382;212491;203669;126910;73641;31863;221954.0;96.1;95.7;91.8;57.2;33.2;14.4
52;79;2023-07-10;127273;126558;121080;81201;47916;24978;143661.0;88.6;88.1;84.3;56.5;33.4;17.4
52;80;2023-07-10;230714;227620;208652;140614;86337;51070;250716.0;92.0;90.8;83.2;56.1;34.4;20.4
53;04;2023-07-10;69;24;4;0;0;0;159670.0;0.0;0.0;0.0;0.0;0.0;0.0
53;11;2023-07-10;11393;9246;315;6;124;0;83068.0;13.7;11.1;0.4;0.0;0.1;0.0
53;17;2023-07-10;242551;237735;51663;1090;2802;21;257339.0;94.3;92.4;20.1;0.4;1.1;0.0
53;24;2023-07-10;270298;267664;204159;4974;4427;97;275076.0;98.3;97.3;74.2;1.8;1.6;0.0
53;29;2023-07-10;162549;160844;119745;4647;4179;100;164461.0;98.8;97.8;72.8;2.8;2.5;0.1
53;39;2023-07-10;354099;350809;271141;13458;11939;412;372375.0;95.1;94.2;72.8;3.6;3.2;0.1
53;49;2023-07-10;399857;397515;334019;23809;20789;1016;423234.0;94.5;93.9;78.9;5.6;4.9;0.2
53;59;2023-07-10;427704;425910;384453;71957;50413;6999;452158.0;94.6;94.2;85.0;15.9;11.1;1.5
53;09;2023-07-10;9001;7219;67;0;3;0;186809.0;4.8;3.9;0.0;0.0;0.0;0.0
53;64;2023-07-10;214983;214264;201019;92603;52067;17814;224018.0;96.0;95.6;89.7;41.3;23.2;8.0
53;69;2023-07-10;207331;206557;196585;109833;63937;25042;216014.0;96.0;95.6;91.0;50.8;29.6;11.6
53;74;2023-07-10;205079;204059;195634;121540;71471;31567;212523.0;96.5;96.0;92.1;57.2;33.6;14.9
53;79;2023-07-10;120293;119561;114379;76416;45862;24072;136873.0;87.9;87.4;83.6;55.8;33.5;17.6
53;80;2023-07-10;221009;217739;198525;133329;81404;48105;239314.0;92.4;91.0;83.0;55.7;34.0;20.1
75;04;2023-07-10;108;24;6;0;1;0;269852.0;0.0;0.0;0.0;0.0;0.0;0.0
75;11;2023-07-10;14593;11575;524;20;147;2;137764.0;10.6;8.4;0.4;0.0;0.1;0.0
75;17;2023-07-10;373630;365430;80761;1838;4083;37;425417.0;87.8;85.9;19.0;0.4;1.0;0.0
75;24;2023-07-10;438366;432717;315541;8101;7134;182;467309.0;93.8;92.6;67.5;1.7;1.5;0.0
75;29;2023-07-10;275388;271800;195195;6986;6030;205;294881.0;93.4;92.2;66.2;2.4;2.0;0.1
75;39;2023-07-10;611050;604172;447738;20092;17162;724;670019.0;91.2;90.2;66.8;3.0;2.6;0.1
75;49;2023-07-10;696521;691570;563415;38971;32500;1908;753694.0;92.4;91.8;74.8;5.2;4.3;0.3
75;59;2023-07-10;764696;760911;673917;117215;80866;11888;818040.0;93.5;93.0;82.4;14.3;9.9;1.5
75;09;2023-07-10;11316;8625;114;1;12;0;314105.0;3.6;2.7;0.0;0.0;0.0;0.0
75;64;2023-07-10;381402;379830;351557;150638;82548;29745;405402.0;94.1;93.7;86.7;37.2;20.4;7.3
75;69;2023-07-10;381497;379923;357861;188699;107745;44275;401341.0;95.1;94.7;89.2;47.0;26.8;11.0
75;74;2023-07-10;376895;375084;356081;210433;122072;55730;396698.0;95.0;94.6;89.8;53.0;30.8;14.0
75;79;2023-07-10;237600;236033;223478;141844;83401;43899;269438.0;88.2;87.6;82.9;52.6;31.0;16.3
75;80;2023-07-10;414797;408690;370007;235249;140637;83295;458025.0;90.6;89.2;80.8;51.4;30.7;18.2
76;04;2023-07-10;117;42;9;3;1;0;286929.0;0.0;0.0;0.0;0.0;0.0;0.0
76;11;2023-07-10;9806;8171;558;13;119;2;141886.0;6.9;5.8;0.4;0.0;0.1;0.0
76;17;2023-07-10;332186;323881;65319;1435;3324;28;431703.0;76.9;75.0;15.1;0.3;0.8;0.0
76;24;2023-07-10;426187;419300;292416;7078;6050;141;487734.0;87.4;86.0;60.0;1.5;1.2;0.0
76;29;2023-07-10;274109;269643;183494;6019;5133;154;317282.0;86.4;85.0;57.8;1.9;1.6;0.0
76;39;2023-07-10;590669;582541;408224;17167;14380;602;692401.0;85.3;84.1;59.0;2.5;2.1;0.1
76;49;2023-07-10;662938;656899;513824;31825;26036;1529;744807.0;89.0;88.2;69.0;4.3;3.5;0.2
76;59;2023-07-10;730412;725846;624542;94821;65555;8939;804174.0;90.8;90.3;77.7;11.8;8.2;1.1
76;09;2023-07-10;6972;5589;75;0;8;0;329566.0;2.1;1.7;0.0;0.0;0.0;0.0
76;64;2023-07-10;351878;350120;316756;119768;66512;22197;387679.0;90.8;90.3;81.7;30.9;17.2;5.7
76;69;2023-07-10;343751;342151;317077;150243;86343;32639;374166.0;91.9;91.4;84.7;40.2;23.1;8.7
76;74;2023-07-10;342444;340663;319785;174073;101354;42686;369109.0;92.8;92.3;86.6;47.2;27.5;11.6
76;79;2023-07-10;227871;226313;212149;124671;73465;35866;262205.0;86.9;86.3;80.9;47.5;28.0;13.7
76;80;2023-07-10;373409;367463;328953;194885;113599;62321;423907.0;88.1;86.7;77.6;46.0;26.8;14.7
84;04;2023-07-10;155;64;16;0;0;0;432159.0;0.0;0.0;0.0;0.0;0.0;0.0
84;11;2023-07-10;18671;15794;1161;32;228;0;207392.0;9.0;7.6;0.6;0.0;0.1;0.0
84;17;2023-07-10;495319;484632;105278;2490;5104;50;620665.0;79.8;78.1;17.0;0.4;0.8;0.0
84;24;2023-07-10;608104;601125;419342;11376;8956;192;678704.0;89.6;88.6;61.8;1.7;1.3;0.0
84;29;2023-07-10;406355;401928;274057;10448;8231;234;443797.0;91.6;90.6;61.8;2.4;1.9;0.1
84;39;2023-07-10;874925;866187;605766;28886;23201;954;1000753.0;87.4;86.6;60.5;2.9;2.3;0.1
84;49;2023-07-10;925610;919278;714033;48143;38674;2079;1040422.0;89.0;88.4;68.6;4.6;3.7;0.2
84;59;2023-07-10;969478;964493;826319;126374;88076;11373;1066444.0;90.9;90.4;77.5;11.9;8.3;1.1
84;09;2023-07-10;14315;11488;339;5;10;0;489098.0;2.9;2.3;0.1;0.0;0.0;0.0
84;64;2023-07-10;437921;436040;394667;152282;83431;26647;484520.0;90.4;90.0;81.5;31.4;17.2;5.5
84;69;2023-07-10;411366;409574;380227;183219;105248;38011;451033.0;91.2;90.8;84.3;40.6;23.3;8.4
84;74;2023-07-10;406734;404714;380245;208173;120459;49305;434267.0;93.7;93.2;87.6;47.9;27.7;11.4
84;79;2023-07-10;273500;271799;255277;152478;89412;43888;309330.0;88.4;87.9;82.5;49.3;28.9;14.2
84;80;2023-07-10;443121;436886;393587;242018;143092;82550;494649.0;89.6;88.3;79.6;48.9;28.9;16.7
93;04;2023-07-10;153;71;11;0;0;0;257991.0;0.1;0.0;0.0;0.0;0.0;0.0
93;11;2023-07-10;6802;5750;505;19;79;3;119714.0;5.7;4.8;0.4;0.0;0.1;0.0
93;17;2023-07-10;239503;232024;49158;1269;2545;35;357892.0;66.9;64.8;13.7;0.4;0.7;0.0
93;24;2023-07-10;334095;326531;212363;5678;4805;120;385555.0;86.7;84.7;55.1;1.5;1.2;0.0
93;29;2023-07-10;225153;220479;140618;5085;3843;128;254701.0;88.4;86.6;55.2;2.0;1.5;0.1
93;39;2023-07-10;506361;497284;327652;14247;10509;522;596728.0;84.9;83.3;54.9;2.4;1.8;0.1
93;49;2023-07-10;560085;553347;411237;25437;18911;1265;632574.0;88.5;87.5;65.0;4.0;3.0;0.2
93;59;2023-07-10;629184;623832;517568;70176;46086;6637;686370.0;91.7;90.9;75.4;10.2;6.7;1.0
93;09;2023-07-10;4775;3862;119;2;12;1;287575.0;1.7;1.3;0.0;0.0;0.0;0.0
93;64;2023-07-10;296302;294315;258879;86564;46870;15378;326839.0;90.7;90.0;79.2;26.5;14.3;4.7
93;69;2023-07-10;282240;280551;254537;109004;61503;22992;309322.0;91.2;90.7;82.3;35.2;19.9;7.4
93;74;2023-07-10;283173;281346;259980;128463;73239;30802;306145.0;92.5;91.9;84.9;42.0;23.9;10.1
93;79;2023-07-10;205873;204348;189124;101702;58020;28384;236923.0;86.9;86.3;79.8;42.9;24.5;12.0
93;80;2023-07-10;318211;312799;276198;152554;85578;47817;372858.0;85.3;83.9;74.1;40.9;23.0;12.8
94;04;2023-07-10;8;4;1;0;0;0;15647.0;0.1;0.0;0.0;0.0;0.0;0.0
94;11;2023-07-10;247;203;24;1;3;1;7833.0;3.2;2.6;0.3;0.0;0.0;0.0
94;17;2023-07-10;12540;12095;2396;59;112;2;22428.0;55.9;53.9;10.7;0.3;0.5;0.0
94;24;2023-07-10;17584;17156;10696;241;240;6;22968.0;76.6;74.7;46.6;1.0;1.0;0.0
94;29;2023-07-10;12550;12240;7567;212;179;8;16567.0;75.8;73.9;45.7;1.3;1.1;0.0
94;39;2023-07-10;30762;30171;19747;572;453;20;42735.0;72.0;70.6;46.2;1.3;1.1;0.0
94;49;2023-07-10;35345;34915;26237;1151;865;65;46049.0;76.8;75.8;57.0;2.5;1.9;0.1
94;59;2023-07-10;41462;41094;34262;3304;2220;313;48153.0;86.1;85.3;71.2;6.9;4.6;0.7
94;09;2023-07-10;157;118;1;0;0;0;18271.0;0.9;0.6;0.0;0.0;0.0;0.0
94;64;2023-07-10;19684;19521;17210;4088;2356;655;22561.0;87.2;86.5;76.3;18.1;10.4;2.9
94;69;2023-07-10;18803;18665;16919;5301;3083;984;22242.0;84.5;83.9;76.1;23.8;13.9;4.4
94;74;2023-07-10;17457;17317;15939;5945;3466;1266;21872.0;79.8;79.2;72.9;27.2;15.8;5.8
94;79;2023-07-10;12380;12297;11344;4841;2836;1222;16463.0;75.2;74.7;68.9;29.4;17.2;7.4
94;80;2023-07-10;18887;18569;16326;7301;4076;2005;25676.0;73.6;72.3;63.6;28.4;15.9;7.8
01;0;2023-07-10;152189;146147;89052;8933;4103;1021;372939.0;40.8;39.2;23.9;2.4;1.1;0.3
02;0;2023-07-10;150824;145560;92934;9048;3581;1055;350373.0;43.0;41.5;26.5;2.6;1.0;0.3
03;0;2023-07-10;100359;90493;46361;3569;1604;313;294436.0;34.1;30.7;15.7;1.2;0.5;0.1
04;0;2023-07-10;580670;568420;371833;31462;10270;3430;868846.0;66.8;65.4;42.8;3.6;1.2;0.4
06;0;2023-07-10;162398;139831;51569;2044;1941;89;299348.0;54.3;46.7;17.2;0.7;0.6;0.0
07;0;2023-07-10;9018;8745;6039;458;138;49;10124.0;89.1;86.4;59.7;4.5;1.4;0.5
08;0;2023-07-10;14857;14004;6940;743;366;108;34065.0;43.6;41.1;20.4;2.2;1.1;0.3
11;0;2023-07-10;9391476;9281878;6941127;1584859;1034865;391636;12395148.0;75.8;74.9;56.0;12.8;8.3;3.2
24;0;2023-07-10;2080553;2060196;1661554;479690;284767;119944;2564915.0;81.1;80.3;64.8;18.7;11.1;4.7
27;0;2023-07-10;2196404;2174513;1714988;452095;263572;96696;2785393.0;78.9;78.1;61.6;16.2;9.5;3.5
28;0;2023-07-10;2737387;2710667;2182308;585978;353098;136329;3307286.0;82.8;82.0;66.0;17.7;10.7;4.1
32;0;2023-07-10;4747655;4699762;3717960;898091;527145;200307;5987172.0;79.3;78.5;62.1;15.0;8.8;3.3
44;0;2023-07-10;4328879;4285112;3391386;828268;485386;173432;5542094.0;78.1;77.3;61.2;14.9;8.8;3.1
52;0;2023-07-10;3165874;3137091;2492257;686661;427558;159703;3873096.0;81.7;81.0;64.3;17.7;11.0;4.1
53;0;2023-07-10;2846216;2819146;2271708;653662;409417;155245;3402932.0;83.6;82.8;66.8;19.2;12.0;4.6
75;0;2023-07-10;4977859;4926384;3936195;1120087;684338;271890;6081985.0;81.8;81.0;64.7;18.4;11.3;4.5
76;0;2023-07-10;4672749;4618622;3583181;922001;561879;207104;6053548.0;77.2;76.3;59.2;15.2;9.3;3.4
84;0;2023-07-10;6285574;6224002;4750314;1165924;714122;255283;8153233.0;77.1;76.3;58.3;14.3;8.8;3.1
93;0;2023-07-10;3891910;3836539;2897949;700200;412000;154084;5131187.0;75.8;74.8;56.5;13.6;8.0;3.0
94;0;2023-07-10;237866;234365;178669;33016;19889;6547;349465.0;68.1;67.1;51.1;9.4;5.7;1.9
