dep;vaccin;jour;n_tot_dose1;n_tot_dose2;n_tot_dose3;n_tot_dose4;n_tot_complet;n_tot_rappel;n_tot_2_rappel;n_tot_rappel_biv;n_tot_3_rappel
01;1;2023-07-10;408257;398163;241925;47780;410036;270398;51384;0;850
01;2;2023-07-10;36619;44719;87313;3273;37028;98473;4045;0;35
01;3;2023-07-10;36808;28056;44;0;30502;9;0;0;0
01;4;2023-07-10;8332;55;5;0;8342;25;2;0;0
01;5;2023-07-10;2743;1798;34;10;2224;55;9;0;0
01;6;2023-07-10;143;106;18;65;128;40;61;0;14
01;8;2023-07-10;142;361;3967;29472;151;2420;30536;50160;16429
01;9;2023-07-10;5;16;177;1398;6;99;1441;2136;587
01;10;2023-07-10;0;1;9;45;0;5;48;0;28
01;12;2023-07-10;0;5;11;47;0;14;41;156;81
02;1;2023-07-10;324587;320862;220157;47776;325166;235448;50242;0;894
02;2;2023-07-10;44532;52056;81849;2747;44999;91507;3945;0;82
02;3;2023-07-10;38447;31843;36;0;33421;9;0;0;0
02;4;2023-07-10;9439;33;8;0;9439;13;6;0;0
02;5;2023-07-10;2631;1898;23;6;2121;30;6;0;0
02;6;2023-07-10;63;46;10;15;58;14;17;0;16
02;8;2023-07-10;173;279;2571;23891;147;2045;24009;43042;16203
02;9;2023-07-10;5;8;114;1003;5;60;1019;1410;324
02;10;2023-07-10;0;1;6;40;0;4;41;0;44
02;12;2023-07-10;1;1;13;62;2;8;50;202;124
03;1;2023-07-10;215101;213623;143349;37361;216197;150978;37832;0;502
03;2;2023-07-10;30813;35303;65062;1715;31275;70253;2103;0;32
03;3;2023-07-10;21559;17161;16;0;17711;4;0;0;1
03;4;2023-07-10;5029;13;0;0;5034;2;0;0;0
03;5;2023-07-10;1426;1000;21;2;1150;27;2;0;0
03;6;2023-07-10;44;43;6;10;41;9;12;0;4
03;8;2023-07-10;67;139;1585;19966;62;1349;20066;33494;11597
03;9;2023-07-10;1;1;52;749;0;39;753;992;196
03;10;2023-07-10;0;0;5;28;0;3;32;0;17
03;12;2023-07-10;2;1;7;47;1;5;40;176;98
04;1;2023-07-10;96104;94600;64946;14139;95992;70215;14784;0;271
04;2;2023-07-10;10845;12128;18083;498;10952;20342;748;0;12
04;3;2023-07-10;10206;8282;10;0;8620;7;0;0;0
04;4;2023-07-10;2968;9;1;0;2967;4;1;0;0
04;5;2023-07-10;258;163;8;1;204;11;1;0;0
04;6;2023-07-10;85;72;17;10;85;19;18;0;1
04;8;2023-07-10;126;193;849;7646;123;593;7895;13397;4689
04;9;2023-07-10;2;8;18;298;6;14;299;396;80
04;10;2023-07-10;1;2;1;10;0;2;11;0;2
04;12;2023-07-10;1;1;5;2;0;5;5;16;4
05;1;2023-07-10;89351;86023;49520;12315;89250;54378;13027;0;210
05;2;2023-07-10;9067;11283;25063;408;9213;28238;531;0;3
05;3;2023-07-10;9823;7922;14;0;8424;3;0;0;0
05;4;2023-07-10;1952;7;4;0;1956;5;1;0;0
05;5;2023-07-10;307;203;4;0;254;5;0;0;0
05;6;2023-07-10;38;30;5;5;34;10;5;0;2
05;8;2023-07-10;85;138;851;6923;72;532;7193;11984;4069
05;9;2023-07-10;2;8;26;194;3;20;207;275;48
05;10;2023-07-10;15;2;4;7;1;4;8;0;1
05;12;2023-07-10;2;4;2;9;3;4;11;39;16
06;1;2023-07-10;652903;638374;425907;96359;655538;464979;101513;0;2049
06;2;2023-07-10;124588;134108;164011;6496;125155;184976;8159;0;121
06;3;2023-07-10;64719;47808;72;0;50008;64;1;0;0
06;4;2023-07-10;20542;290;68;1;20601;204;32;0;0
06;5;2023-07-10;1932;1342;90;30;1582;120;34;0;1
06;6;2023-07-10;461;402;126;121;439;149;150;0;37
06;8;2023-07-10;744;1336;5661;46598;772;4114;48303;86742;32762
06;9;2023-07-10;35;75;311;2840;44;216;2883;4444;1322
06;10;2023-07-10;6;10;25;67;8;14;78;0;41
06;12;2023-07-10;9;12;17;57;9;15;64;246;125
07;1;2023-07-10;190033;188570;133611;26937;190736;146095;28358;0;438
07;2;2023-07-10;35323;37861;41735;3569;35187;46713;4036;0;46
07;3;2023-07-10;20971;16924;29;0;17799;6;0;0;0
07;4;2023-07-10;5821;14;5;0;5822;7;2;0;0
07;5;2023-07-10;813;560;7;1;666;12;1;0;0
07;6;2023-07-10;108;83;19;83;104;18;88;0;41
07;8;2023-07-10;88;205;1783;16440;102;1145;16911;27779;9391
07;9;2023-07-10;2;11;150;1404;2;77;1430;2061;549
07;10;2023-07-10;5;2;16;61;1;10;60;0;66
07;12;2023-07-10;2;3;9;36;0;12;35;159;75
08;1;2023-07-10;167885;166177;110190;27796;168739;117299;28935;0;504
08;2;2023-07-10;19486;23783;45660;505;20191;50620;849;0;12
08;3;2023-07-10;20782;16464;8;0;17249;3;0;0;0
08;4;2023-07-10;4136;13;1;0;4135;3;0;0;0
08;5;2023-07-10;1087;825;10;0;912;10;2;0;0
08;6;2023-07-10;25;22;16;5;22;7;11;0;3
08;8;2023-07-10;59;108;1258;13546;54;880;13734;24307;9194
08;9;2023-07-10;1;3;36;337;1;18;343;443;80
08;10;2023-07-10;0;0;1;5;0;0;6;0;0
08;12;2023-07-10;1;1;13;16;1;8;24;106;51
09;1;2023-07-10;89017;88621;65849;14000;89169;68794;14058;0;172
09;2;2023-07-10;16072;16852;18398;889;16043;19752;1060;0;13
09;3;2023-07-10;7362;5811;1;0;5941;1;0;0;0
09;4;2023-07-10;2478;5;0;0;2482;1;0;0;0
09;5;2023-07-10;329;198;4;1;255;6;0;0;0
09;6;2023-07-10;43;34;7;12;39;13;13;0;1
09;8;2023-07-10;76;126;621;7587;82;634;7575;12490;4124
09;9;2023-07-10;3;4;40;320;2;36;328;615;248
09;10;2023-07-10;0;0;0;14;0;0;14;0;3
09;12;2023-07-10;2;1;5;10;2;5;12;33;15
10;1;2023-07-10;184456;181284;113242;27801;184937;120029;28401;0;377
10;2;2023-07-10;29892;34607;59937;1687;30615;65754;2196;0;33
10;3;2023-07-10;17659;13808;6;0;14442;2;0;0;0
10;4;2023-07-10;4564;16;7;0;4568;6;5;0;0
10;5;2023-07-10;1715;1180;4;0;1370;9;0;0;0
10;6;2023-07-10;45;40;5;22;44;5;23;0;16
10;8;2023-07-10;152;189;1410;15294;116;1272;15525;26232;9059
10;9;2023-07-10;3;8;59;660;4;38;664;856;153
10;10;2023-07-10;0;2;3;43;1;2;29;0;18
10;12;2023-07-10;3;0;7;43;0;7;48;177;109
11;1;2023-07-10;226555;224880;154985;37835;226769;162821;38675;0;659
11;2;2023-07-10;30419;34309;56813;2066;30576;61770;2550;0;42
11;3;2023-07-10;25990;21652;20;0;22243;8;0;0;0
11;4;2023-07-10;8060;44;5;1;8073;19;0;0;1
11;5;2023-07-10;796;553;11;21;655;14;25;0;0
11;6;2023-07-10;128;106;9;11;120;19;11;0;2
11;8;2023-07-10;172;278;1655;19789;171;1431;20014;34961;12776
11;9;2023-07-10;1;7;58;688;1;44;695;1065;324
11;10;2023-07-10;0;2;2;7;0;4;7;0;9
11;12;2023-07-10;2;2;6;35;2;9;33;135;60
12;1;2023-07-10;175109;173172;124777;24996;175211;131258;25362;0;372
12;2;2023-07-10;26045;27957;36925;949;25952;39944;1086;0;10
12;3;2023-07-10;15458;12849;15;0;13188;8;0;0;0
12;4;2023-07-10;3825;23;1;0;3841;3;0;0;0
12;5;2023-07-10;546;328;7;10;394;12;10;0;0
12;6;2023-07-10;100;71;6;15;89;17;16;0;2
12;8;2023-07-10;103;192;1195;15721;109;1059;15912;24600;7208
12;9;2023-07-10;5;8;43;617;7;38;615;897;243
12;10;2023-07-10;0;0;2;9;0;0;11;0;1
12;12;2023-07-10;0;0;5;19;0;5;21;105;52
13;1;2023-07-10;1182758;1149936;822170;140056;1178341;907937;148667;0;2936
13;2;2023-07-10;196468;197667;162162;6044;195315;185886;8696;0;187
13;3;2023-07-10;90188;69253;117;0;73399;98;0;0;0
13;4;2023-07-10;32040;374;100;8;32131;236;58;0;2
13;5;2023-07-10;3965;2670;139;21;3195;158;37;0;1
13;6;2023-07-10;1092;894;299;225;1009;156;213;0;76
13;8;2023-07-10;1861;3209;10982;79167;1944;8514;81945;138708;45934
13;9;2023-07-10;54;98;437;3172;52;296;3268;4979;1355
13;10;2023-07-10;7;8;16;74;6;10;73;0;39
13;12;2023-07-10;20;33;43;115;22;42;129;452;189
14;1;2023-07-10;439077;441346;296346;74346;443998;311110;76148;0;1241
14;2;2023-07-10;68454;78213;145564;3298;70231;155565;4526;0;51
14;3;2023-07-10;59997;46805;24;0;48424;5;0;0;0
14;4;2023-07-10;11761;43;3;1;11771;13;1;0;0
14;5;2023-07-10;3466;2491;58;10;2888;70;9;0;1
14;6;2023-07-10;110;78;27;37;103;17;41;0;14
14;8;2023-07-10;153;279;3417;43338;170;2535;43931;75507;27659
14;9;2023-07-10;3;10;142;1925;7;77;1956;2875;832
14;10;2023-07-10;1;4;3;20;1;5;20;0;12
14;12;2023-07-10;1;3;13;75;2;12;75;364;178
15;1;2023-07-10;94337;95343;71221;14956;95131;74021;15122;0;218
15;2;2023-07-10;10839;12219;21479;724;10882;23169;875;0;8
15;3;2023-07-10;11656;9662;10;0;9904;4;0;0;0
15;4;2023-07-10;2711;1;0;3;2705;1;3;0;2
15;5;2023-07-10;435;296;8;1;324;10;1;0;0
15;6;2023-07-10;20;17;3;17;20;3;18;0;0
15;8;2023-07-10;27;58;626;8879;31;605;8776;13987;4371
15;9;2023-07-10;3;0;17;311;1;24;293;402;85
15;10;2023-07-10;0;0;0;1;0;0;2;0;0
15;12;2023-07-10;1;0;3;18;0;1;27;95;61
16;1;2023-07-10;221746;222278;146807;44435;222680;152414;45257;0;666
16;2;2023-07-10;32825;37084;73939;1776;32777;78301;2740;0;38
16;3;2023-07-10;25145;21231;21;0;21617;3;0;0;0
16;4;2023-07-10;7084;17;3;0;7083;5;2;0;0
16;5;2023-07-10;1456;988;16;8;1186;20;8;0;0
16;6;2023-07-10;77;65;9;91;71;12;95;0;6
16;8;2023-07-10;148;185;1506;20742;129;1236;20958;39666;16377
16;9;2023-07-10;6;7;54;1134;4;48;1131;1519;326
16;10;2023-07-10;0;0;0;8;0;1;7;0;0
16;12;2023-07-10;1;4;13;36;1;11;39;207;109
17;1;2023-07-10;420997;426080;288328;90681;423986;297629;91683;0;1593
17;2;2023-07-10;66590;74964;140493;4255;66811;148881;5939;0;64
17;3;2023-07-10;56578;47414;59;0;48213;25;0;0;0
17;4;2023-07-10;17178;34;3;0;17177;12;1;0;0
17;5;2023-07-10;1686;1146;29;35;1328;28;35;0;1
17;6;2023-07-10;170;140;19;48;159;22;36;0;4
17;8;2023-07-10;250;430;3221;44129;257;2924;44272;84363;35189
17;9;2023-07-10;11;19;190;2608;12;146;2586;3928;1152
17;10;2023-07-10;0;1;2;18;0;3;18;0;9
17;12;2023-07-10;0;5;21;78;2;20;82;461;251
18;1;2023-07-10;188491;187199;128380;35305;188737;134918;36294;0;1206
18;2;2023-07-10;30228;34262;55414;2555;30365;60638;3164;0;48
18;3;2023-07-10;17426;14383;18;0;14925;3;0;0;0
18;4;2023-07-10;5368;13;5;0;5370;3;1;0;0
18;5;2023-07-10;1132;799;19;1;887;21;0;0;1
18;6;2023-07-10;64;51;2;5;61;5;5;0;3
18;8;2023-07-10;98;157;1433;16405;84;1039;16711;30184;11860
18;9;2023-07-10;0;2;60;785;0;47;786;1103;269
18;10;2023-07-10;0;1;3;15;1;1;16;0;12
18;12;2023-07-10;0;3;9;85;0;8;88;251;116
19;1;2023-07-10;150094;150498;103989;26851;151082;107691;26606;0;319
19;2;2023-07-10;20959;23621;44992;938;20956;48003;1327;0;10
19;3;2023-07-10;19820;16659;17;0;17080;2;0;0;0
19;4;2023-07-10;4432;7;5;1;4431;4;2;0;1
19;5;2023-07-10;687;437;10;0;510;13;0;0;0
19;6;2023-07-10;43;37;7;15;42;12;16;0;2
19;8;2023-07-10;74;118;1097;14502;68;1189;14591;25355;9057
19;9;2023-07-10;3;5;14;354;3;32;331;461;98
19;10;2023-07-10;0;1;2;12;0;1;13;0;22
19;12;2023-07-10;1;3;5;12;1;9;17;53;22
21;1;2023-07-10;311407;312204;223005;50681;314979;238283;51924;0;898
21;2;2023-07-10;57639;62763;82890;4612;57865;89289;5284;0;78
21;3;2023-07-10;41617;32084;50;0;33988;16;1;0;0
21;4;2023-07-10;8886;53;13;0;8888;29;6;0;1
21;5;2023-07-10;2308;1541;28;2;1870;37;2;0;0
21;6;2023-07-10;160;116;19;30;146;27;31;0;38
21;8;2023-07-10;196;349;3128;30157;197;2330;30636;52729;18746
21;9;2023-07-10;19;26;218;2690;23;174;2691;4083;1198
21;10;2023-07-10;4;9;6;40;3;10;40;0;30
21;12;2023-07-10;4;5;23;133;3;23;126;538;300
22;1;2023-07-10;396124;394825;242077;73889;396127;248917;74445;0;1104
22;2;2023-07-10;61141;71682;157005;3180;64163;164795;3840;0;36
22;3;2023-07-10;44587;36258;27;0;36969;6;0;0;0
22;4;2023-07-10;11153;22;2;0;11152;5;2;0;0
22;5;2023-07-10;3395;2416;37;4;2641;35;8;0;0
22;6;2023-07-10;143;115;20;13;126;25;16;0;8
22;8;2023-07-10;156;226;2548;41177;136;2263;41389;71587;26614
22;9;2023-07-10;6;2;91;1563;1;62;1550;2292;675
22;10;2023-07-10;0;0;5;23;0;4;22;0;30
22;12;2023-07-10;2;8;16;84;3;20;91;505;296
23;1;2023-07-10;73232;73579;51921;14050;73302;53678;14357;0;229
23;2;2023-07-10;8445;9960;19994;426;8481;21525;662;0;8
23;3;2023-07-10;7930;6803;7;0;6936;3;0;0;0
23;4;2023-07-10;2497;6;1;0;2502;1;0;0;0
23;5;2023-07-10;267;206;11;0;231;9;1;0;0
23;6;2023-07-10;27;27;7;5;26;7;7;0;1
23;8;2023-07-10;38;52;498;6332;32;388;6423;10922;3957
23;9;2023-07-10;3;2;12;194;3;9;194;243;40
23;10;2023-07-10;1;1;1;0;1;1;0;0;2
23;12;2023-07-10;0;0;5;7;0;7;5;59;31
24;1;2023-07-10;248539;249153;168407;48629;249026;175671;49621;0;867
24;2;2023-07-10;44859;50234;84875;4024;45008;91193;4705;0;62
24;3;2023-07-10;31267;26445;38;0;27023;9;0;0;0
24;4;2023-07-10;9820;22;3;0;9828;6;0;0;0
24;5;2023-07-10;1310;892;22;2;1010;26;2;0;0
24;6;2023-07-10;115;95;5;35;103;8;32;0;14
24;8;2023-07-10;170;277;1951;24151;180;1641;24336;44210;17405
24;9;2023-07-10;9;13;97;1252;10;70;1255;1805;473
24;10;2023-07-10;2;0;4;17;0;4;13;0;5
24;12;2023-07-10;2;2;9;48;1;8;47;200;106
25;1;2023-07-10;301709;295004;207016;40004;302822;227248;42051;0;537
25;2;2023-07-10;63757;66708;66429;2661;64754;74817;3188;0;43
25;3;2023-07-10;31976;24404;16;0;26246;10;0;0;0
25;4;2023-07-10;5573;18;10;0;5579;12;0;0;0
25;5;2023-07-10;1963;1244;20;4;1561;31;3;0;0
25;6;2023-07-10;136;96;18;22;130;27;28;0;2
25;8;2023-07-10;172;323;2673;22365;162;1849;22804;37472;12240
25;9;2023-07-10;12;20;222;2373;14;143;2486;3563;927
25;10;2023-07-10;1;1;1;13;1;1;13;0;2
25;12;2023-07-10;2;5;18;64;3;15;74;262;134
26;1;2023-07-10;315986;308597;184587;42928;317814;201375;44376;0;821
26;2;2023-07-10;39866;46575;86945;3703;40024;96387;4151;0;40
26;3;2023-07-10;34542;26849;36;0;28458;15;2;0;0
26;4;2023-07-10;7015;44;4;2;7027;15;2;0;0
26;5;2023-07-10;1698;1110;21;7;1403;35;7;0;0
26;6;2023-07-10;133;99;11;10;120;22;7;0;2
26;8;2023-07-10;159;311;2963;24546;153;1944;25104;42717;14986
26;9;2023-07-10;6;18;150;1626;9;111;1605;2208;484
26;10;2023-07-10;0;2;5;35;2;5;38;0;32
26;12;2023-07-10;3;8;21;19;6;17;30;178;93
27;1;2023-07-10;375345;369714;214954;52646;376051;229354;55324;0;1018
27;2;2023-07-10;55953;65610;132650;4860;56269;144278;6456;0;87
27;3;2023-07-10;36291;29793;18;0;31034;10;0;0;0
27;4;2023-07-10;10649;35;4;0;10658;13;1;0;0
27;5;2023-07-10;3444;2462;31;2;2808;48;2;0;0
27;6;2023-07-10;109;78;30;151;99;28;159;0;37
27;8;2023-07-10;177;289;2854;29386;160;1861;29833;52587;19776
27;9;2023-07-10;7;15;198;1871;7;115;1902;2735;703
27;10;2023-07-10;2;0;6;56;1;4;56;0;21
27;12;2023-07-10;2;3;9;53;2;10;56;232;134
28;1;2023-07-10;266960;264649;180439;42884;268268;190809;44578;0;848
28;2;2023-07-10;41543;46590;73772;3847;41897;79643;4862;0;74
28;3;2023-07-10;27892;22292;18;0;23079;5;0;0;0
28;4;2023-07-10;6102;29;9;0;6118;14;0;0;0
28;5;2023-07-10;2197;1540;26;0;1727;27;1;0;0
28;6;2023-07-10;80;57;14;6;77;13;11;0;1
28;8;2023-07-10;120;210;2045;21904;126;1356;22235;40718;16295
28;9;2023-07-10;10;10;91;1442;4;54;1435;2089;596
28;10;2023-07-10;1;0;1;13;0;1;13;0;8
28;12;2023-07-10;4;3;19;67;4;9;72;266;139
29;1;2023-07-10;578119;583682;399696;126096;581047;406837;126468;0;2140
29;2;2023-07-10;90665;107295;219103;4617;97309;227422;6793;0;74
29;3;2023-07-10;89378;72941;65;0;73847;14;0;0;0
29;4;2023-07-10;18348;58;7;3;18343;19;3;0;0
29;5;2023-07-10;6442;4813;41;17;5148;55;17;0;0
29;6;2023-07-10;160;129;11;19;152;20;22;0;6
29;8;2023-07-10;368;399;3931;67965;305;4146;68242;125932;50420
29;9;2023-07-10;11;13;113;2395;4;125;2434;3352;781
29;10;2023-07-10;1;2;4;24;1;2;25;0;16
29;12;2023-07-10;4;12;37;195;12;29;226;1035;524
2A;1;2023-07-10;97733;96620;70184;8809;97543;72441;8786;0;256
2A;2;2023-07-10;10706;11136;12102;391;10677;12925;469;0;7
2A;3;2023-07-10;4334;2810;1;0;2910;0;0;0;0
2A;4;2023-07-10;1575;12;4;0;1579;9;1;0;0
2A;5;2023-07-10;141;99;3;7;108;5;7;0;0
2A;6;2023-07-10;54;46;3;3;52;7;3;0;1
2A;8;2023-07-10;65;94;387;5642;71;422;5713;8960;2666
2A;9;2023-07-10;1;5;17;122;3;15;111;160;33
2A;10;2023-07-10;1;0;1;2;0;1;1;0;3
2A;12;2023-07-10;0;0;1;1;0;1;1;6;2
2B;1;2023-07-10;104337;102716;75417;10672;104007;79285;10865;0;273
2B;2;2023-07-10;10509;10919;11888;202;10390;12978;319;0;3
2B;3;2023-07-10;5800;4360;4;0;4444;4;0;0;0
2B;4;2023-07-10;2331;23;4;0;2340;10;4;0;0
2B;5;2023-07-10;132;87;2;2;102;2;2;0;0
2B;6;2023-07-10;38;30;3;3;38;2;4;0;2
2B;8;2023-07-10;105;147;599;6467;97;546;6591;10570;3256
2B;9;2023-07-10;2;5;13;130;2;13;134;185;38
2B;10;2023-07-10;1;2;2;2;1;2;3;0;2
2B;12;2023-07-10;1;1;1;2;1;1;2;8;5
30;1;2023-07-10;433797;424047;290304;70137;433431;314805;73534;0;1186
30;2;2023-07-10;85463;93028;114774;3782;85952;128749;4902;0;77
30;3;2023-07-10;51158;41983;85;0;43905;55;0;0;0
30;4;2023-07-10;13945;90;17;1;13964;40;6;0;0
30;5;2023-07-10;1590;1055;36;3;1305;44;3;0;0
30;6;2023-07-10;269;215;28;25;260;33;31;0;14
30;8;2023-07-10;429;774;4377;38950;432;3136;40060;70428;25873
30;9;2023-07-10;8;20;175;1825;8;91;1841;2658;716
30;10;2023-07-10;4;5;10;39;5;9;40;0;8
30;11;2023-07-10;0;1;0;0;1;0;0;0;0
30;12;2023-07-10;3;9;24;61;3;20;62;261;137
31;1;2023-07-10;842999;830258;519695;110124;847883;557454;113693;0;1787
31;2;2023-07-10;133960;146701;243808;4017;134619;264260;6108;0;72
31;3;2023-07-10;88160;69706;90;0;71939;24;0;0;0
31;4;2023-07-10;20850;131;13;1;20873;73;4;0;4
31;5;2023-07-10;4295;2791;57;5;3495;106;7;0;0
31;6;2023-07-10;452;379;61;63;424;81;83;0;21
31;8;2023-07-10;532;1113;7002;67012;547;5766;68216;116372;40544
31;9;2023-07-10;15;35;314;3161;16;239;3165;4457;1028
31;10;2023-07-10;3;4;28;95;2;18;107;0;70
31;12;2023-07-10;5;10;34;125;4;28;148;449;207
32;1;2023-07-10;127787;127189;77315;20534;127820;80150;20632;0;342
32;2;2023-07-10;10717;13319;41122;1452;10882;43503;1726;0;24
32;3;2023-07-10;13340;11278;14;0;11514;1;0;0;0
32;4;2023-07-10;3803;18;1;0;3809;3;1;0;0
32;5;2023-07-10;637;455;4;2;508;9;3;0;0
32;6;2023-07-10;52;45;6;1;50;5;2;0;1
32;8;2023-07-10;65;113;750;11744;73;716;11711;19442;6737
32;9;2023-07-10;3;9;62;526;4;53;548;866;255
32;10;2023-07-10;1;1;2;4;1;0;6;0;0
32;12;2023-07-10;3;2;2;17;2;2;17;56;24
33;1;2023-07-10;969213;972559;671376;164605;979477;705139;168161;0;2981
33;2;2023-07-10;203109;220417;310678;11214;204399;333316;14137;0;192
33;3;2023-07-10;132252;105265;203;0;107923;76;1;0;0
33;4;2023-07-10;33438;191;23;4;33484;59;8;0;0
33;5;2023-07-10;8070;5102;92;43;6073;151;43;0;1
33;6;2023-07-10;450;336;34;44;410;59;57;0;10
33;8;2023-07-10;654;1192;8559;92343;680;7481;93628;171572;66584
33;9;2023-07-10;48;86;478;5824;56;426;5811;8516;2252
33;10;2023-07-10;4;7;12;81;6;14;86;0;96
33;12;2023-07-10;9;13;53;226;8;45;250;826;412
34;1;2023-07-10;699352;689656;494540;109072;700118;528738;112623;0;1634
34;2;2023-07-10;119191;130309;158283;4831;123985;173695;6393;0;118
34;3;2023-07-10;89496;70487;151;1;73238;96;0;0;0
34;4;2023-07-10;21428;174;48;2;21456;116;24;0;0
34;5;2023-07-10;2624;1760;70;10;2186;80;14;0;0
34;6;2023-07-10;471;355;36;133;430;81;114;0;57
34;8;2023-07-10;510;1084;6416;63039;557;5513;64315;113972;42199
34;9;2023-07-10;17;43;266;2372;28;217;2386;3555;935
34;10;2023-07-10;5;4;22;134;5;11;145;0;58
34;12;2023-07-10;3;13;27;68;7;30;77;343;170
35;1;2023-07-10;686538;683595;439828;97785;689476;464126;100807;0;1604
35;2;2023-07-10;99204;115544;215114;3990;104752;229008;5622;0;77
35;3;2023-07-10;83630;65836;98;0;67909;14;0;0;0
35;4;2023-07-10;17560;46;4;0;17575;14;0;0;0
35;5;2023-07-10;5644;3908;35;12;4615;68;13;0;0
35;6;2023-07-10;230;175;9;19;206;29;14;0;12
35;8;2023-07-10;309;534;5734;67270;301;4685;68191;110280;35464
35;9;2023-07-10;7;13;177;2197;6;152;2200;2900;540
35;10;2023-07-10;0;0;3;20;0;4;19;0;12
35;12;2023-07-10;0;2;22;123;1;13;134;434;198
36;1;2023-07-10;139212;139656;96316;25888;140040;100781;26659;0;411
36;2;2023-07-10;16430;19788;41159;1069;16548;44949;1442;0;13
36;3;2023-07-10;16878;14077;16;0;14456;3;1;0;0
36;4;2023-07-10;4768;9;0;0;4772;4;0;0;0
36;5;2023-07-10;1053;746;9;3;864;10;3;0;0
36;6;2023-07-10;30;21;6;13;23;11;14;0;3
36;8;2023-07-10;54;86;1034;12663;51;790;12730;21380;7601
36;9;2023-07-10;5;3;28;414;3;13;411;537;113
36;10;2023-07-10;0;0;0;1;0;0;1;0;0
36;12;2023-07-10;1;0;2;13;0;2;11;47;27
37;1;2023-07-10;370281;370711;265033;73261;373213;280021;75825;0;1546
37;2;2023-07-10;58828;68707;109811;4343;61069;119144;5749;0;100
37;3;2023-07-10;57112;46633;63;0;48110;11;0;0;0
37;4;2023-07-10;12800;27;4;0;12804;13;0;0;0
37;5;2023-07-10;2972;2001;29;12;2384;43;15;0;0
37;6;2023-07-10;120;102;14;26;116;22;31;0;9
37;8;2023-07-10;229;397;3817;38907;211;2758;39240;73718;30222
37;9;2023-07-10;9;19;207;1749;14;149;1755;2820;892
37;10;2023-07-10;1;1;7;14;1;7;14;0;18
37;12;2023-07-10;5;9;29;112;3;26;115;488;273
38;1;2023-07-10;779649;763606;495892;108497;786964;546699;114427;0;1579
38;2;2023-07-10;122676;136743;188370;6118;124371;212079;7313;0;70
38;3;2023-07-10;90259;67385;88;0;72314;32;2;0;0
38;4;2023-07-10;14336;84;24;0;14345;35;7;0;0
38;5;2023-07-10;5022;3301;49;6;4111;114;8;0;0
38;6;2023-07-10;233;167;34;107;222;47;109;0;46
38;8;2023-07-10;300;852;8422;64772;341;5245;67306;115601;41066
38;9;2023-07-10;15;27;249;2241;11;136;2323;3277;805
38;10;2023-07-10;1;3;15;99;1;12;73;0;70
38;11;2023-07-10;2;0;0;0;0;0;0;0;0
38;12;2023-07-10;3;8;28;135;6;31;143;550;298
39;1;2023-07-10;149600;146378;99510;20772;149898;109829;22015;0;273
39;2;2023-07-10;28791;31471;39127;1881;28762;43807;2209;0;22
39;3;2023-07-10;17837;14808;15;0;15686;8;0;0;0
39;4;2023-07-10;3751;12;2;0;3756;6;0;0;0
39;5;2023-07-10;812;534;3;2;626;8;2;0;0
39;6;2023-07-10;94;79;17;22;89;14;28;0;5
39;8;2023-07-10;86;156;1427;11916;85;822;12449;20138;6423
39;9;2023-07-10;6;9;145;1377;4;72;1414;2090;598
39;10;2023-07-10;0;0;8;28;0;2;32;0;11
39;12;2023-07-10;4;4;5;55;1;8;56;239;131
40;1;2023-07-10;274647;275133;193753;51881;275855;201533;52037;0;831
40;2;2023-07-10;39934;44620;75582;2053;41060;80044;2439;0;22
40;3;2023-07-10;34067;27860;31;0;28540;7;0;0;0
40;4;2023-07-10;7223;38;3;0;7234;21;2;0;0
40;5;2023-07-10;1217;786;13;2;912;20;1;0;2
40;6;2023-07-10;136;105;13;18;127;20;14;0;0
40;8;2023-07-10;178;279;2098;27732;181;2003;27939;50115;19015
40;9;2023-07-10;9;10;52;803;10;48;771;1052;232
40;10;2023-07-10;2;1;9;14;2;7;16;0;15
40;12;2023-07-10;2;2;8;33;1;8;42;200;104
41;1;2023-07-10;202913;202643;149117;39693;203314;156675;41199;0;658
41;2;2023-07-10;35164;39770;57315;2955;35422;62697;3688;0;60
41;3;2023-07-10;25583;21982;48;0;22561;18;0;0;0
41;4;2023-07-10;7525;11;3;0;7525;3;2;0;0
41;5;2023-07-10;1262;887;14;22;1029;19;22;0;0
41;6;2023-07-10;70;51;10;22;66;7;29;0;3
41;8;2023-07-10;111;182;1687;20111;112;1172;20231;37392;15280
41;9;2023-07-10;2;8;85;1021;3;56;1069;1529;396
41;10;2023-07-10;0;0;3;24;0;2;24;0;33
41;12;2023-07-10;1;2;12;23;1;12;24;172;116
42;1;2023-07-10;485057;469980;309095;63936;486225;349474;68320;0;1041
42;2;2023-07-10;49984;60000;83943;2064;51903;98219;2744;0;33
42;3;2023-07-10;47318;35637;32;0;38987;13;2;0;0
42;4;2023-07-10;9602;50;5;0;9608;18;3;0;0
42;5;2023-07-10;1779;1100;48;10;1419;75;12;0;1
42;6;2023-07-10;115;73;9;9;104;19;12;0;2
42;8;2023-07-10;171;570;5285;37185;199;2877;39235;64247;21013
42;9;2023-07-10;6;10;192;1297;6;65;1394;1815;345
42;10;2023-07-10;1;1;17;38;1;12;42;0;24
42;12;2023-07-10;1;4;13;43;1;10;51;179;91
43;1;2023-07-10;147339;145056;100769;16389;147890;112761;17113;0;226
43;2;2023-07-10;13989;15533;18650;299;14016;21800;481;0;2
43;3;2023-07-10;13364;10303;15;0;11165;4;0;0;0
43;4;2023-07-10;3418;13;0;0;3421;4;0;0;0
43;5;2023-07-10;428;297;5;0;347;14;0;0;0
43;6;2023-07-10;40;27;1;3;39;4;2;0;2
43;8;2023-07-10;54;120;1170;10173;52;701;10594;15930;4486
43;9;2023-07-10;0;1;27;259;0;17;255;337;65
43;10;2023-07-10;0;0;1;8;0;1;7;0;5
43;12;2023-07-10;0;0;2;9;0;2;10;35;17
44;1;2023-07-10;927689;926133;572783;145226;937035;600584;148354;0;2383
44;2;2023-07-10;122704;138427;293901;6131;123290;313953;8430;0;82
44;3;2023-07-10;103728;82182;106;0;84512;18;0;0;0
44;4;2023-07-10;21199;65;14;0;21224;26;2;0;0
44;5;2023-07-10;8068;5261;87;14;6281;115;16;0;1
44;6;2023-07-10;282;229;36;38;262;43;51;0;2
44;8;2023-07-10;267;705;8354;91162;265;6631;92447;162556;60104
44;9;2023-07-10;3;12;269;3523;5;190;3502;4710;1009
44;10;2023-07-10;1;1;8;34;1;5;35;0;18
44;12;2023-07-10;1;5;27;118;4;19;132;479;237
45;1;2023-07-10;427981;419651;261012;72086;429298;276730;74522;0;1225
45;2;2023-07-10;54842;64544;131928;4593;55189;144088;5803;0;69
45;3;2023-07-10;42980;34825;36;0;36255;5;0;0;0
45;4;2023-07-10;10147;25;4;0;10145;11;1;0;0
45;5;2023-07-10;3047;2113;56;3;2477;64;5;0;1
45;6;2023-07-10;151;120;14;29;137;21;31;0;6
45;8;2023-07-10;257;441;3537;36540;231;2495;37217;69673;28638
45;9;2023-07-10;7;18;120;1458;10;80;1458;2143;597
45;10;2023-07-10;4;5;5;28;3;11;23;0;23
45;12;2023-07-10;2;9;16;52;6;17;54;257;134
46;1;2023-07-10;117729;117019;76936;19160;117788;79280;19080;0;223
46;2;2023-07-10;7522;8884;27410;742;7548;28903;919;0;20
46;3;2023-07-10;9673;7935;2;0;8082;2;0;0;0
46;4;2023-07-10;2326;9;1;0;2330;2;1;0;0
46;5;2023-07-10;369;248;6;0;284;10;0;0;0
46;6;2023-07-10;56;48;2;2;51;5;2;0;1
46;8;2023-07-10;57;119;611;10481;64;655;10523;17756;6274
46;9;2023-07-10;4;4;20;289;3;25;291;420;104
46;10;2023-07-10;0;0;2;2;0;2;3;0;0
46;12;2023-07-10;0;0;0;19;0;0;17;58;36
47;1;2023-07-10;195072;193796;139637;32353;194365;144176;32263;0;493
47;2;2023-07-10;42116;45323;55633;1723;42729;59144;2218;0;33
47;3;2023-07-10;19290;16122;21;0;16511;14;0;0;0
47;4;2023-07-10;6110;51;6;0;6120;39;2;0;0
47;5;2023-07-10;1233;858;25;19;966;30;20;0;0
47;6;2023-07-10;96;75;11;28;90;14;30;0;17
47;8;2023-07-10;116;183;1361;17157;112;1218;17106;28883;10101
47;9;2023-07-10;3;5;39;703;3;23;666;962;263
47;10;2023-07-10;0;0;5;12;0;3;14;0;4
47;12;2023-07-10;2;1;9;31;0;5;32;105;56
48;1;2023-07-10;47391;46247;29399;5888;47651;31585;6050;0;75
48;2;2023-07-10;4700;5890;11257;244;4751;12679;343;0;6
48;3;2023-07-10;4782;3648;6;0;3908;2;0;0;0
48;4;2023-07-10;1212;3;1;0;1211;2;1;0;0
48;5;2023-07-10;130;75;0;1;98;0;1;0;0
48;6;2023-07-10;35;36;13;6;27;25;8;0;0
48;8;2023-07-10;25;53;369;3833;26;364;3849;5780;1497
48;9;2023-07-10;3;1;4;43;0;5;42;66;18
48;10;2023-07-10;0;1;2;1;0;3;1;0;0
48;12;2023-07-10;0;0;0;3;0;0;3;11;8
49;1;2023-07-10;515623;514092;371237;86057;517353;392539;88562;0;1492
49;2;2023-07-10;69413;79793;116731;2662;73073;127324;3938;0;35
49;3;2023-07-10;64088;51893;70;0;53815;15;1;0;0
49;4;2023-07-10;12805;18;2;0;12805;6;0;0;0
49;5;2023-07-10;4730;3229;47;6;3761;60;9;0;0
49;6;2023-07-10;112;84;13;69;103;18;65;0;41
49;8;2023-07-10;170;364;4569;48919;138;3501;49809;86515;31401
49;9;2023-07-10;7;8;127;1281;4;99;1286;1838;441
49;10;2023-07-10;0;1;4;21;0;5;21;0;5
49;12;2023-07-10;1;5;19;89;2;20;97;321;155
50;1;2023-07-10;326007;326360;202679;55291;327938;209819;56691;0;829
50;2;2023-07-10;47504;55479;125110;2664;48338;133153;3473;0;57
50;3;2023-07-10;37999;31084;20;0;31933;6;0;0;0
50;4;2023-07-10;9264;11;2;0;9264;3;0;0;0
50;5;2023-07-10;3074;2116;28;5;2387;32;7;0;0
50;6;2023-07-10;67;55;7;7;64;12;7;0;1
50;8;2023-07-10;111;181;2185;32352;102;1784;32551;53759;18489
50;9;2023-07-10;4;7;96;1740;7;64;1740;2531;720
50;10;2023-07-10;0;0;2;17;0;1;18;0;5
50;12;2023-07-10;2;3;21;87;1;20;89;420;238
51;1;2023-07-10;334474;332134;213574;57006;336413;227981;60204;0;1142
51;2;2023-07-10;52031;61226;112148;3600;54158;122368;4612;0;102
51;3;2023-07-10;45861;36295;30;0;37847;16;1;0;0
51;4;2023-07-10;9685;21;1;0;9687;6;0;0;0
51;5;2023-07-10;2768;1906;49;4;2265;64;4;0;2
51;6;2023-07-10;105;80;6;16;102;14;15;0;5
51;8;2023-07-10;202;332;3053;29682;163;2042;30055;54467;21439
51;9;2023-07-10;7;6;172;1536;3;73;1582;2166;503
51;10;2023-07-10;1;0;2;8;0;1;8;0;2
51;12;2023-07-10;4;6;18;69;2;20;72;326;179
52;1;2023-07-10;111382;109423;68290;15415;111688;73068;16272;0;297
52;2;2023-07-10;9347;12430;31695;1957;9377;35347;2296;0;11
52;3;2023-07-10;11259;9277;5;0;9723;4;0;0;0
52;4;2023-07-10;2812;11;0;0;2816;6;0;0;0
52;5;2023-07-10;742;541;1;4;621;5;4;0;0
52;6;2023-07-10;20;20;3;2;20;5;3;0;0
52;8;2023-07-10;58;99;858;8556;56;542;8734;14431;5005
52;9;2023-07-10;0;1;32;300;1;16;297;398;84
52;10;2023-07-10;0;1;3;36;1;0;36;0;2
52;12;2023-07-10;1;0;6;8;0;4;13;53;32
53;1;2023-07-10;194821;194878;141439;26573;194906;149820;27762;0;385
53;2;2023-07-10;28434;31967;45773;863;29503;49643;1556;0;17
53;3;2023-07-10;22241;18482;33;0;19088;6;0;0;0
53;4;2023-07-10;5299;5;1;0;5300;1;0;0;0
53;5;2023-07-10;1804;1272;30;3;1384;32;4;0;0
53;6;2023-07-10;53;47;4;0;50;7;0;0;0
53;8;2023-07-10;47;110;1456;17413;49;1013;17701;26727;7686
53;9;2023-07-10;2;5;48;694;3;41;689;846;115
53;10;2023-07-10;1;0;0;8;0;0;6;0;7
53;12;2023-07-10;2;0;6;36;0;6;35;126;74
54;1;2023-07-10;419790;417506;291570;66695;423487;313812;69260;0;1137
54;2;2023-07-10;78957;87943;122349;6962;80049;134974;8250;0;159
54;3;2023-07-10;55300;43191;57;0;45275;15;0;0;0
54;4;2023-07-10;11704;60;7;0;11713;23;0;0;0
54;5;2023-07-10;3973;2825;40;34;3274;59;33;0;1
54;6;2023-07-10;121;97;17;20;110;19;24;0;5
54;8;2023-07-10;242;413;4194;40211;216;2848;41029;72270;27052
54;9;2023-07-10;14;21;218;2440;13;145;2458;3809;1176
54;10;2023-07-10;1;3;7;15;1;5;19;0;16
54;12;2023-07-10;8;5;34;171;3;25;183;868;454
55;1;2023-07-10;116364;116082;77998;18528;117271;83586;19562;0;305
55;2;2023-07-10;11734;14453;29471;972;11903;32735;1392;0;34
55;3;2023-07-10;13520;10485;10;0;11029;1;0;0;0
55;4;2023-07-10;3319;8;0;0;3317;1;0;0;0
55;5;2023-07-10;1010;719;9;0;812;12;0;0;0
55;6;2023-07-10;28;20;7;3;26;7;5;0;1
55;8;2023-07-10;64;97;1057;9952;58;570;10140;17059;6064
55;9;2023-07-10;0;0;23;202;0;11;207;295;72
55;10;2023-07-10;0;0;0;2;0;0;2;0;0
55;12;2023-07-10;1;0;3;20;0;2;18;46;20
56;1;2023-07-10;484700;488150;315782;89273;488550;327480;91355;0;1434
56;2;2023-07-10;82958;92499;177803;5006;84450;188025;6120;0;90
56;3;2023-07-10;65842;54235;68;0;55247;13;0;0;0
56;4;2023-07-10;15227;47;10;0;15228;14;4;0;0
56;5;2023-07-10;3686;2561;34;15;2899;50;15;0;0
56;6;2023-07-10;248;203;26;42;233;25;51;0;9
56;8;2023-07-10;222;371;3531;50293;204;3030;50812;87048;31843
56;9;2023-07-10;5;10;169;2509;5;131;2565;3590;886
56;10;2023-07-10;1;0;8;35;0;5;40;0;87
56;12;2023-07-10;1;4;27;93;2;21;106;462;265
57;1;2023-07-10;637799;625436;416478;80192;640363;447992;82471;0;1221
57;2;2023-07-10;103102;115083;169049;6913;104695;184912;8598;0;117
57;3;2023-07-10;55458;41819;35;0;43816;11;0;0;0
57;4;2023-07-10;11950;80;18;0;11980;38;5;0;0
57;5;2023-07-10;4330;3048;54;20;3512;100;22;0;1
57;6;2023-07-10;195;159;20;24;175;46;24;0;4
57;8;2023-07-10;248;507;4423;48234;252;3410;48706;77319;24038
57;9;2023-07-10;19;14;260;3083;10;155;3110;4412;1123
57;10;2023-07-10;3;5;3;7;2;5;8;0;6
57;11;2023-07-10;0;0;2;0;0;2;0;0;0
57;12;2023-07-10;2;7;29;88;5;20;103;356;174
58;1;2023-07-10;121706;123267;94267;26185;122422;99615;27052;0;466
58;2;2023-07-10;23213;25639;32710;1796;23291;35710;2385;0;35
58;3;2023-07-10;14991;12348;31;0;12774;10;0;0;0
58;4;2023-07-10;5028;6;2;3;5017;3;4;0;3
58;5;2023-07-10;669;467;6;1;513;6;2;0;0
58;6;2023-07-10;28;19;1;1;26;1;2;0;0
58;8;2023-07-10;50;73;1029;11552;40;738;11649;21100;8239
58;9;2023-07-10;2;3;69;622;0;48;638;1121;429
58;10;2023-07-10;0;0;4;11;0;3;12;0;39
58;12;2023-07-10;1;3;9;43;3;5;48;192;108
59;1;2023-07-10;1554791;1542361;1064296;221120;1568922;1162077;239176;0;4775
59;2;2023-07-10;211493;241581;357104;7265;213932;404336;13751;0;243
59;3;2023-07-10;202828;156964;202;0;167955;59;1;0;0
59;4;2023-07-10;42874;210;52;1;42874;145;33;0;0
59;5;2023-07-10;14143;9500;151;26;11540;222;33;0;2
59;6;2023-07-10;400;313;56;105;381;68;133;0;28
59;8;2023-07-10;854;1730;15550;125671;877;10354;128891;224258;80306
59;9;2023-07-10;11;42;452;3664;17;244;3704;5142;1167
59;10;2023-07-10;5;4;16;62;4;9;57;0;43
59;12;2023-07-10;10;21;54;180;10;51;184;662;311
60;1;2023-07-10;507168;489897;304898;64326;507485;331033;67896;0;1226
60;2;2023-07-10;75368;85526;131435;3199;74903;148949;4552;0;78
60;3;2023-07-10;42244;34218;42;0;36092;16;0;0;0
60;4;2023-07-10;9989;32;10;0;9991;19;1;0;0
60;5;2023-07-10;2486;1726;34;17;2088;44;21;0;4
60;6;2023-07-10;165;127;17;21;160;31;21;0;5
60;8;2023-07-10;288;523;4169;34078;274;3067;34687;60935;22153
60;9;2023-07-10;14;16;177;1762;11;91;1772;2439;572
60;10;2023-07-10;0;1;3;30;0;2;30;0;31
60;12;2023-07-10;2;4;17;81;3;13;80;266;134
61;1;2023-07-10;182060;180802;111148;28061;183183;117411;29228;0;489
61;2;2023-07-10;22046;25842;59204;1653;21551;64225;2192;0;18
61;3;2023-07-10;17157;13823;12;0;14370;5;0;0;0
61;4;2023-07-10;4710;15;1;1;4720;2;1;0;0
61;5;2023-07-10;1250;904;18;1;1051;18;1;0;0
61;6;2023-07-10;38;30;7;6;33;8;8;0;0
61;8;2023-07-10;57;131;1307;15816;69;904;15986;26154;8880
61;9;2023-07-10;4;3;34;289;1;19;299;401;81
61;10;2023-07-10;0;1;1;10;1;0;10;0;16
61;12;2023-07-10;1;0;2;15;0;2;14;52;25
62;1;2023-07-10;897288;896455;655496;135554;905254;707315;141910;0;2707
62;2;2023-07-10;140462;158883;216308;4247;142634;243384;7097;0;112
62;3;2023-07-10;127246;102061;201;0;107737;40;0;0;0
62;4;2023-07-10;23493;80;8;1;23515;21;3;0;0
62;5;2023-07-10;9850;6759;104;38;8011;178;43;0;0
62;6;2023-07-10;201;158;25;112;192;25;122;0;31
62;8;2023-07-10;318;641;8027;73202;316;5237;74465;127027;44876
62;9;2023-07-10;7;16;286;2615;3;159;2680;3678;821
62;10;2023-07-10;0;0;10;28;0;9;26;0;32
62;12;2023-07-10;2;8;34;146;4;36;135;525;278
63;1;2023-07-10;397954;398368;289803;61802;402082;309186;63074;0;1031
63;2;2023-07-10;66239;73068;96119;4398;67175;105846;5553;0;131
63;3;2023-07-10;51790;40795;39;0;42458;2;0;0;0
63;4;2023-07-10;11083;42;6;0;11106;8;2;0;0
63;5;2023-07-10;3171;2129;25;10;2459;44;11;0;0
63;6;2023-07-10;135;107;15;78;125;15;81;0;11
63;8;2023-07-10;118;285;3241;35906;121;2441;36556;61992;22032
63;9;2023-07-10;5;12;131;1481;5;87;1478;2206;627
63;10;2023-07-10;1;4;7;56;2;8;55;0;56
63;12;2023-07-10;1;2;18;82;1;20;96;317;148
64;1;2023-07-10;459959;457816;317444;73074;462487;333606;73472;0;1093
64;2;2023-07-10;49244;54384;98167;2710;49329;105438;3084;0;32
64;3;2023-07-10;45740;36968;27;0;38025;7;0;0;0
64;4;2023-07-10;9881;49;2;1;9881;16;2;0;0
64;5;2023-07-10;2025;1209;21;4;1493;31;4;0;0
64;6;2023-07-10;161;119;15;3;148;21;6;0;1
64;8;2023-07-10;332;472;3321;41647;286;3071;42019;72534;26016
64;9;2023-07-10;9;18;95;863;9;85;839;1278;343
64;10;2023-07-10;2;0;3;27;0;2;29;0;13
64;12;2023-07-10;2;0;14;54;1;13;56;270;127
65;1;2023-07-10;151896;150916;100117;22603;152456;105960;23386;0;297
65;2;2023-07-10;16864;19274;35786;637;17187;38875;844;0;17
65;3;2023-07-10;12202;9017;19;0;9371;8;0;0;0
65;4;2023-07-10;3674;12;1;0;3674;5;0;0;0
65;5;2023-07-10;642;427;11;1;507;14;0;0;0
65;6;2023-07-10;87;50;4;11;76;9;7;0;4
65;8;2023-07-10;108;186;1183;13041;111;846;13226;21163;6757
65;9;2023-07-10;3;1;19;122;0;7;110;158;40
65;10;2023-07-10;2;1;0;1;1;0;1;0;0
65;12;2023-07-10;0;1;4;5;0;4;10;31;15
66;1;2023-07-10;289071;287063;210094;50253;289134;221582;51168;0;841
66;2;2023-07-10;47554;51103;62639;2369;47440;68390;3012;0;71
66;3;2023-07-10;32758;27417;33;0;28157;16;0;0;0
66;4;2023-07-10;11113;85;18;0;11113;41;13;0;0
66;5;2023-07-10;1014;668;17;4;827;22;7;0;0
66;6;2023-07-10;167;134;13;48;154;29;53;0;29
66;8;2023-07-10;258;457;2266;25001;258;2012;25465;46987;18495
66;9;2023-07-10;7;17;71;895;14;65;917;1368;381
66;10;2023-07-10;1;2;9;10;0;7;14;0;11
66;12;2023-07-10;4;4;11;66;3;11;65;166;66
67;1;2023-07-10;672029;667491;458206;90311;678301;496836;94737;0;1501
67;2;2023-07-10;122638;135062;185655;9555;125436;202096;11472;0;140
67;3;2023-07-10;88487;67864;72;0;71601;30;1;0;0
67;4;2023-07-10;18595;82;16;1;18598;41;5;0;0
67;5;2023-07-10;4878;3403;40;18;4105;66;19;0;1
67;6;2023-07-10;245;201;30;27;231;42;38;0;12
67;8;2023-07-10;399;715;5835;55825;376;4319;56856;93738;31212
67;9;2023-07-10;20;26;377;3377;15;251;3459;4642;917
67;10;2023-07-10;1;1;8;12;1;6;14;0;6
67;11;2023-07-10;1;1;1;0;1;0;0;0;0
67;12;2023-07-10;5;10;40;173;5;37;185;640;321
68;1;2023-07-10;432123;425341;272073;49639;434547;294683;52497;0;747
68;2;2023-07-10;78539;86907;123962;5838;78858;137197;6848;0;93
68;3;2023-07-10;43315;32430;37;0;34956;29;3;0;0
68;4;2023-07-10;11009;56;11;0;11023;34;2;0;0
68;5;2023-07-10;2834;2026;29;8;2303;52;11;0;0
68;6;2023-07-10;212;159;23;20;192;36;24;0;6
68;8;2023-07-10;293;529;3418;31937;299;2405;32668;51315;15635
68;9;2023-07-10;16;32;194;1933;19;188;1954;2747;595
68;10;2023-07-10;1;3;2;7;1;4;7;0;6
68;12;2023-07-10;4;7;21;81;3;27;89;366;194
69;1;2023-07-10;1164417;1128479;707554;147532;1171166;794624;160913;0;2830
69;2;2023-07-10;156633;177349;255938;7093;159062;294922;9435;0;112
69;3;2023-07-10;114178;83964;122;0;91672;71;2;0;0
69;4;2023-07-10;23811;174;47;0;23855;104;23;0;0
69;5;2023-07-10;7819;5124;72;15;6418;148;20;0;1
69;6;2023-07-10;384;272;46;51;370;70;67;0;23
69;8;2023-07-10;468;1518;13373;89612;544;7628;94005;164810;59814
69;9;2023-07-10;26;61;620;4265;27;336;4499;6950;2077
69;10;2023-07-10;2;9;69;469;1;43;482;0;185
69;12;2023-07-10;2;22;64;236;6;43;269;920;445
70;1;2023-07-10;142794;141468;100825;19542;143201;108415;20152;0;227
70;2;2023-07-10;21973;24387;32989;859;22293;36320;1166;0;9
70;3;2023-07-10;15632;12620;13;0;13292;3;0;0;0
70;4;2023-07-10;3261;7;1;0;3262;5;1;0;0
70;5;2023-07-10;998;654;10;4;760;12;4;0;0
70;6;2023-07-10;37;29;5;4;34;4;7;0;0
70;8;2023-07-10;70;122;1028;10124;61;669;10303;16422;5300
70;9;2023-07-10;1;4;64;635;3;40;660;844;143
70;10;2023-07-10;0;0;0;4;0;0;4;0;3
70;12;2023-07-10;0;2;10;37;0;10;39;128;64
71;1;2023-07-10;350254;349982;247523;62369;352642;265878;65181;0;998
71;2;2023-07-10;45954;53129;80688;2063;46278;89527;3037;0;29
71;3;2023-07-10;39467;30991;42;0;33118;3;0;0;0
71;4;2023-07-10;10248;32;9;0;10257;16;4;0;0
71;5;2023-07-10;1872;1203;20;1;1507;24;3;0;0
71;6;2023-07-10;144;100;20;15;134;24;18;0;0
71;8;2023-07-10;150;291;3428;31679;149;2282;32254;55229;19598
71;9;2023-07-10;10;14;164;1798;5;92;1723;2454;633
71;10;2023-07-10;0;3;5;31;2;4;31;0;24
71;12;2023-07-10;4;8;22;73;5;24;81;395;219
72;1;2023-07-10;370968;365763;228042;60391;371934;240573;62817;0;1107
72;2;2023-07-10;44739;54287;114924;2972;46006;125023;4125;0;37
72;3;2023-07-10;37391;30355;89;0;31364;35;0;0;0
72;4;2023-07-10;8848;42;1;2;8856;16;2;0;0
72;5;2023-07-10;3124;2061;58;23;2415;64;24;0;1
72;6;2023-07-10;93;73;3;6;85;5;5;0;2
72;8;2023-07-10;148;269;2966;31749;131;2079;32231;55737;20730
72;9;2023-07-10;4;11;107;1384;7;67;1390;1991;520
72;10;2023-07-10;0;0;1;18;0;1;17;0;8
72;12;2023-07-10;3;4;9;35;3;10;37;206;117
73;1;2023-07-10;292894;282012;151023;33940;294619;166338;35778;0;467
73;2;2023-07-10;20409;29000;81005;2541;21106;91405;3053;0;18
73;3;2023-07-10;29309;21938;20;0;23658;8;0;0;0
73;4;2023-07-10;4689;18;3;0;4687;9;0;0;0
73;5;2023-07-10;1489;907;14;0;1189;20;2;0;0
73;6;2023-07-10;111;81;10;13;103;15;7;0;0
73;8;2023-07-10;99;270;2809;23270;105;1769;23946;38853;12644
73;9;2023-07-10;3;9;132;855;5;62;901;1564;594
73;10;2023-07-10;1;1;0;17;1;0;17;0;8
73;12;2023-07-10;1;5;17;49;1;14;63;268;142
74;1;2023-07-10;503657;478219;255421;50567;506026;285797;54453;0;739
74;2;2023-07-10;61501;73671;130206;2708;61909;149363;3265;0;37
74;3;2023-07-10;39550;28576;23;0;31073;12;0;0;0
74;4;2023-07-10;6513;55;10;0;6527;26;3;0;0
74;5;2023-07-10;1810;1168;35;16;1516;63;12;0;0
74;6;2023-07-10;189;134;23;18;176;30;21;0;5
74;8;2023-07-10;242;626;4885;33223;243;3039;34744;55586;16959
74;9;2023-07-10;11;27;163;1150;10;92;1201;1750;453
74;10;2023-07-10;0;0;6;12;0;2;15;0;20
74;12;2023-07-10;3;5;17;66;3;18;67;235;107
75;1;2023-07-10;1452619;1418934;898279;187179;1472206;1001343;205024;0;3981
75;2;2023-07-10;144805;175039;334710;10513;148356;380345;14286;0;339
75;3;2023-07-10;149041;100121;120;0;109414;137;7;0;0
75;4;2023-07-10;25067;278;65;2;25106;184;14;0;0
75;5;2023-07-10;10400;6229;138;56;8917;248;74;0;3
75;6;2023-07-10;534;438;69;135;495;112;145;0;33
75;8;2023-07-10;1426;2814;19587;130084;1262;12477;136341;244214;89828
75;9;2023-07-10;68;109;759;6208;54;424;6441;9622;2690
75;10;2023-07-10;14;10;49;202;6;36;211;0;88
75;11;2023-07-10;0;0;0;1;0;0;1;0;0
75;12;2023-07-10;14;19;97;271;11;57;323;1081;452
76;1;2023-07-10;752235;749520;502123;131861;759339;534033;137501;0;2442
76;2;2023-07-10;136068;154255;246600;6731;137445;270336;9740;0;147
76;3;2023-07-10;101057;80596;48;0;84201;10;0;0;0
76;4;2023-07-10;22614;118;58;0;22674;74;6;0;0
76;5;2023-07-10;8523;5805;101;10;6779;134;13;0;2
76;6;2023-07-10;223;162;25;55;198;41;62;0;0
76;8;2023-07-10;294;676;7163;70874;325;4838;72339;130185;50467
76;9;2023-07-10;11;9;304;3221;4;188;3226;4638;1205
76;10;2023-07-10;3;4;18;111;4;12;111;0;79
76;11;2023-07-10;0;0;1;0;0;1;0;0;0
76;12;2023-07-10;2;4;33;162;1;23;169;658;375
77;1;2023-07-10;916678;874482;490532;98513;918704;542345;105782;0;1685
77;2;2023-07-10;69719;92387;218323;5332;70217;249522;7269;0;101
77;3;2023-07-10;75460;57102;68;0;61007;30;1;0;0
77;4;2023-07-10;15207;137;26;1;15216;97;20;0;0
77;5;2023-07-10;4929;3287;75;10;4215;112;15;0;3
77;6;2023-07-10;452;338;59;131;423;66;81;0;4
77;8;2023-07-10;533;1235;7924;58141;599;5252;60269;104855;37732
77;9;2023-07-10;14;40;210;1737;17;132;1753;2604;712
77;10;2023-07-10;9;12;22;86;7;21;90;0;56
77;12;2023-07-10;4;8;23;91;2;18;92;362;192
78;1;2023-07-10;883101;855391;518292;118625;889490;563720;124683;0;1787
78;2;2023-07-10;157218;175204;271458;10388;157823;302334;13012;0;177
78;3;2023-07-10;86421;64168;84;0;68431;77;0;0;0
78;4;2023-07-10;16741;134;31;1;16772;87;12;0;0
78;5;2023-07-10;7365;5119;78;20;6174;171;25;0;4
78;6;2023-07-10;425;327;59;88;391;88;92;0;15
78;8;2023-07-10;652;1314;8954;72582;644;6380;74820;136747;53143
78;9;2023-07-10;19;53;427;4448;30;244;4559;6903;2070
78;10;2023-07-10;7;3;31;126;2;19;134;0;109
78;12;2023-07-10;8;18;50;214;10;35;234;907;460
79;1;2023-07-10;229602;228632;133942;36234;231222;140862;37527;0;699
79;2;2023-07-10;42690;49611;100734;5386;43185;108423;6478;0;68
79;3;2023-07-10;29803;24571;21;0;25262;5;0;0;0
79;4;2023-07-10;7450;21;1;0;7453;9;0;0;0
79;5;2023-07-10;1848;1199;12;3;1418;11;6;0;0
79;6;2023-07-10;62;47;7;5;55;8;7;0;1
79;8;2023-07-10;76;139;1740;22821;77;1191;23103;37774;12800
79;9;2023-07-10;5;8;82;1198;4;66;1209;2073;791
79;10;2023-07-10;0;0;1;14;0;1;14;0;14
79;12;2023-07-10;0;2;12;61;2;11;58;391;237
80;1;2023-07-10;339599;341569;254094;58424;343199;270954;60741;0;1259
80;2;2023-07-10;59510;65126;89276;2544;59354;98126;3684;0;57
80;3;2023-07-10;51166;41865;71;0;43746;16;0;0;0
80;4;2023-07-10;10010;19;1;2;10008;7;0;0;0
80;5;2023-07-10;3252;2254;39;2;2657;48;1;0;0
80;6;2023-07-10;93;78;5;11;89;20;12;0;2
80;8;2023-07-10;144;283;3408;31088;164;2336;31571;55497;20668
80;9;2023-07-10;2;8;124;1154;1;68;1156;1754;527
80;10;2023-07-10;0;0;2;10;0;2;8;0;5
80;12;2023-07-10;1;3;13;74;1;11;79;308;167
81;1;2023-07-10;237099;234424;157147;36215;238828;167626;37530;0;571
81;2;2023-07-10;41362;45451;65159;1807;41269;71693;2351;0;39
81;3;2023-07-10;23677;18060;18;0;18783;7;0;0;0
81;4;2023-07-10;6487;27;3;0;6501;8;1;0;0
81;5;2023-07-10;881;569;64;7;686;78;6;0;0
81;6;2023-07-10;112;86;10;3;106;12;6;0;1
81;8;2023-07-10;144;275;1804;21640;156;1374;21966;35663;11690
81;9;2023-07-10;7;6;105;1235;3;60;1251;1848;531
81;10;2023-07-10;1;1;2;4;1;2;4;0;1
81;12;2023-07-10;2;5;11;40;3;8;43;143;76
82;1;2023-07-10;163549;161455;100683;22625;163498;107035;23579;0;450
82;2;2023-07-10;17538;20316;43189;1147;17559;47096;1662;0;18
82;3;2023-07-10;16417;13578;14;0;13985;5;0;0;0
82;4;2023-07-10;5149;51;5;0;5160;35;2;0;0
82;5;2023-07-10;571;359;13;3;447;14;5;0;0
82;6;2023-07-10;93;76;11;16;88;12;14;0;4
82;8;2023-07-10;76;157;1189;12855;85;862;12980;22075;7728
82;9;2023-07-10;5;3;35;302;1;25;307;391;57
82;10;2023-07-10;1;1;1;3;1;1;3;0;4
82;12;2023-07-10;1;0;1;9;0;1;9;35;13
83;1;2023-07-10;632266;622192;453234;98102;631204;488084;101537;0;1939
83;2;2023-07-10;132663;139479;133935;9661;131372;152582;11498;0;237
83;3;2023-07-10;62272;51357;109;0;53356;87;1;0;0
83;4;2023-07-10;24521;160;31;0;24547;104;10;0;0
83;5;2023-07-10;1823;1244;38;7;1493;55;10;0;0
83;6;2023-07-10;632;501;83;51;587;125;70;0;14
83;8;2023-07-10;727;1246;5693;53172;742;4724;54164;94746;34312
83;9;2023-07-10;46;76;417;3953;47;324;4010;6964;2601
83;10;2023-07-10;4;3;12;56;1;9;61;0;24
83;11;2023-07-10;1;1;0;0;1;0;0;0;0
83;12;2023-07-10;12;23;42;105;12;44;113;507;228
84;1;2023-07-10;346027;336487;220264;45564;345267;240146;48151;0;1016
84;2;2023-07-10;37799;43685;66160;2813;37482;76390;3631;0;85
84;3;2023-07-10;33960;27979;42;0;29310;19;0;0;0
84;4;2023-07-10;11941;105;31;1;11963;79;12;0;1
84;5;2023-07-10;1069;743;22;2;910;27;3;0;0
84;6;2023-07-10;166;136;35;118;158;51;122;0;72
84;8;2023-07-10;321;580;3092;25775;330;2401;26704;46434;16463
84;9;2023-07-10;23;34;137;976;22;87;1009;1538;434
84;10;2023-07-10;5;3;7;22;3;8;21;0;7
84;12;2023-07-10;2;5;7;30;3;8;25;133;66
85;1;2023-07-10;448655;451705;308503;85016;451809;321795;86749;0;1375
85;2;2023-07-10;75519;85002;142272;2534;76586;153792;4033;0;59
85;3;2023-07-10;54179;44707;33;0;45902;6;0;0;0
85;4;2023-07-10;14871;29;3;0;14885;5;1;0;0
85;5;2023-07-10;3505;2255;35;26;2641;44;24;0;0
85;6;2023-07-10;130;103;29;12;123;28;22;0;0
85;8;2023-07-10;98;270;3506;48694;123;2873;49188;83229;29404
85;9;2023-07-10;3;5;118;1407;4;83;1406;1902;399
85;10;2023-07-10;0;2;3;10;0;5;8;0;9
85;12;2023-07-10;0;0;13;78;0;12;71;375;245
86;1;2023-07-10;266118;268352;180675;49385;269184;188473;50028;0;816
86;2;2023-07-10;37657;43037;84744;3856;37844;90628;4741;0;40
86;3;2023-07-10;35583;28581;16;0;29341;5;0;0;0
86;4;2023-07-10;8521;18;1;0;8521;6;0;0;0
86;5;2023-07-10;2274;1625;14;49;1838;17;51;0;0
86;6;2023-07-10;59;44;8;4;53;9;3;0;1
86;8;2023-07-10;160;259;2332;26246;165;1869;26469;47691;18468
86;9;2023-07-10;6;19;175;1687;13;97;1638;2728;979
86;10;2023-07-10;1;1;3;14;1;3;13;0;12
86;12;2023-07-10;1;2;7;45;0;8;44;233;137
87;1;2023-07-10;229308;230277;144027;42631;232309;149672;43281;0;669
87;2;2023-07-10;31332;36561;87344;2979;31671;92682;3660;0;88
87;3;2023-07-10;33888;27355;25;0;28058;6;0;0;0
87;4;2023-07-10;7185;37;1;5;7202;9;5;0;0
87;5;2023-07-10;1419;850;27;4;987;24;3;0;0
87;6;2023-07-10;69;55;10;9;66;10;9;0;2
87;8;2023-07-10;87;170;1746;23863;84;1607;23983;41775;15419
87;9;2023-07-10;5;8;80;988;6;81;958;1759;709
87;10;2023-07-10;0;0;3;4;0;0;8;0;3
87;12;2023-07-10;1;2;6;35;1;8;34;149;80
88;1;2023-07-10;220592;220082;149578;32498;222252;161436;34150;0;522
88;2;2023-07-10;34906;39124;59743;1940;34457;67067;2683;0;51
88;3;2023-07-10;26712;21851;16;0;23050;7;0;0;0
88;4;2023-07-10;7456;24;2;1;7462;7;2;0;0
88;5;2023-07-10;1424;1025;15;13;1134;15;16;0;0
88;6;2023-07-10;58;55;12;9;57;17;11;0;3
88;8;2023-07-10;115;233;1949;18537;112;1310;19007;30279;9547
88;9;2023-07-10;1;4;71;793;0;38;808;1043;191
88;10;2023-07-10;2;2;3;10;1;4;10;0;13
88;12;2023-07-10;3;5;15;51;4;11;60;220;125
89;1;2023-07-10;206600;204308;137203;35038;206632;144353;35741;0;590
89;2;2023-07-10;29856;34351;55000;2514;30016;60142;3194;0;49
89;3;2023-07-10;19878;16258;14;0;16956;3;0;0;0
89;4;2023-07-10;6519;36;3;0;6539;7;1;0;0
89;5;2023-07-10;1298;902;12;8;1039;17;7;0;0
89;6;2023-07-10;38;32;5;3;36;6;4;0;5
89;8;2023-07-10;94;180;1811;17090;108;1395;17430;31840;12380
89;9;2023-07-10;3;5;124;1114;3;98;1135;1858;613
89;10;2023-07-10;0;2;2;8;0;2;10;0;1
89;12;2023-07-10;2;3;15;62;2;14;66;244;124
90;1;2023-07-10;80918;79955;56255;10948;81593;60238;11302;0;135
90;2;2023-07-10;13552;14383;17950;591;13425;19771;764;0;13
90;3;2023-07-10;8183;6261;5;0;6668;6;0;0;0
90;4;2023-07-10;1690;4;0;0;1692;1;0;0;0
90;5;2023-07-10;640;453;9;0;514;12;0;0;1
90;6;2023-07-10;20;14;5;27;17;3;32;0;3
90;8;2023-07-10;31;84;585;6027;40;456;5996;10070;3408
90;9;2023-07-10;1;1;31;335;2;16;342;497;137
90;10;2023-07-10;0;0;1;1;0;1;1;0;0
90;12;2023-07-10;1;1;9;17;0;8;17;64;34
91;1;2023-07-10;790843;752953;418534;95061;792669;462134;100593;0;1399
91;2;2023-07-10;110554;128428;227487;4877;111358;255721;6513;0;73
91;3;2023-07-10;68726;51320;41;0;54885;27;1;0;0
91;4;2023-07-10;12863;103;29;4;12877;70;19;0;1
91;5;2023-07-10;5440;3646;72;23;4604;117;24;0;2
91;6;2023-07-10;384;315;126;54;364;184;63;0;23
91;8;2023-07-10;448;1077;7107;55204;464;5028;56987;103116;39445
91;9;2023-07-10;18;37;292;2794;21;170;2855;4088;1051
91;10;2023-07-10;4;6;17;101;0;12;114;0;31
91;12;2023-07-10;5;11;57;202;3;41;217;729;352
92;1;2023-07-10;1032852;1000513;621828;120564;1042972;690578;131538;0;2236
92;2;2023-07-10;133176;150637;252939;6511;134182;284864;8607;0;118
92;3;2023-07-10;90946;63229;75;0;68542;77;2;0;0
92;4;2023-07-10;14395;175;54;3;14435;133;23;0;0
92;5;2023-07-10;8187;5251;76;56;7003;186;60;0;5
92;6;2023-07-10;318;242;52;47;290;65;61;0;1
92;8;2023-07-10;527;1406;11104;82461;528;7001;85976;149833;54155
92;9;2023-07-10;20;55;462;4038;21;229;4210;6006;1538
92;10;2023-07-10;5;1;22;124;0;15;127;0;55
92;12;2023-07-10;3;14;51;189;4;42;199;585;255
93;1;2023-07-10;934593;859180;460217;64523;930744;531679;75328;0;1592
93;2;2023-07-10;117691;129678;173567;4727;116429;205295;6616;0;112
93;3;2023-07-10;53648;37348;54;0;41206;54;3;0;0
93;4;2023-07-10;13563;183;57;3;13592;129;29;0;0
93;5;2023-07-10;3798;2096;87;29;3181;137;36;0;0
93;6;2023-07-10;258;181;37;53;233;54;41;0;7
93;8;2023-07-10;781;1936;8168;37664;834;6231;39619;67207;20452
93;9;2023-07-10;21;47;419;2289;28;269;2383;3532;861
93;10;2023-07-10;14;6;10;33;6;8;34;0;15
93;12;2023-07-10;9;20;55;123;11;42;150;441;184
94;1;2023-07-10;895402;852089;500928;96956;899925;562540;105134;0;1851
94;2;2023-07-10;69950;87450;175396;3216;70614;203112;4776;0;68
94;3;2023-07-10;69407;48725;48;0;53106;39;0;0;0
94;4;2023-07-10;12780;125;41;2;12803;83;18;0;1
94;5;2023-07-10;5222;3089;50;21;4487;94;27;0;2
94;6;2023-07-10;258;197;31;57;244;48;57;0;27
94;8;2023-07-10;537;1477;9045;59176;577;6291;61897;109875;39525
94;9;2023-07-10;6;29;252;1557;11;142;1627;2347;556
94;10;2023-07-10;2;5;31;112;3;12;131;0;44
94;12;2023-07-10;3;12;38;80;3;22;106;318;142
95;1;2023-07-10;746790;705397;434317;74537;747161;490437;81622;0;1410
95;2;2023-07-10;107964;115505;135115;4101;107017;156625;5587;0;75
95;3;2023-07-10;54877;40429;28;0;43623;38;0;0;0
95;4;2023-07-10;11053;94;31;1;11075;67;19;0;0
95;5;2023-07-10;3386;2191;51;7;2921;77;13;0;0
95;6;2023-07-10;250;204;35;78;235;41;95;0;25
95;8;2023-07-10;527;1275;6308;41302;558;4505;42876;75478;27083
95;9;2023-07-10;8;53;332;2372;20;204;2446;3619;949
95;10;2023-07-10;9;5;15;71;2;10;68;0;61
95;12;2023-07-10;5;15;31;125;4;35;121;396;188
971;1;2023-07-10;125067;116204;75515;6131;121122;79802;6254;0;107
971;2;2023-07-10;21926;19940;7739;165;21184;8402;248;0;6
971;3;2023-07-10;3869;2415;1;0;2505;0;0;0;0
971;4;2023-07-10;335;15;6;0;341;11;3;0;0
971;5;2023-07-10;169;124;14;0;132;17;0;0;0
971;6;2023-07-10;419;239;32;23;351;54;25;0;0
971;8;2023-07-10;383;614;611;2288;498;739;2354;4013;895
971;9;2023-07-10;16;14;19;48;12;25;48;88;13
971;10;2023-07-10;5;2;0;1;2;0;1;0;0
971;12;2023-07-10;0;0;2;0;0;2;0;2;0
972;1;2023-07-10;144521;135768;86958;6343;140244;90992;6828;0;149
972;2;2023-07-10;1035;949;1194;21;971;1304;32;0;0
972;3;2023-07-10;2198;1385;1;0;1420;0;0;0;0
972;4;2023-07-10;2279;158;22;0;2273;163;12;0;0
972;5;2023-07-10;226;171;6;0;193;6;0;0;0
972;6;2023-07-10;375;242;4;0;298;12;0;0;0
972;8;2023-07-10;181;230;364;2155;153;453;2164;3561;899
972;9;2023-07-10;5;5;1;14;6;2;10;18;6
972;10;2023-07-10;4;2;1;2;2;1;2;0;0
972;12;2023-07-10;0;0;1;0;0;1;0;2;1
973;1;2023-07-10;98092;82625;40767;2188;88488;45097;2607;0;73
973;2;2023-07-10;661;645;712;7;642;803;17;0;1
973;3;2023-07-10;199;102;0;0;108;0;0;0;0
973;4;2023-07-10;181;9;9;0;179;17;1;0;0
973;5;2023-07-10;606;462;2;0;507;1;0;0;0
973;6;2023-07-10;397;223;4;0;344;32;0;0;0
973;8;2023-07-10;216;254;368;876;218;406;927;1583;238
973;9;2023-07-10;2;2;1;12;3;1;11;13;1
973;10;2023-07-10;4;3;1;2;3;1;2;0;0
973;12;2023-07-10;1;1;6;1;1;3;4;8;0
974;1;2023-07-10;558374;548003;355564;22983;546884;367421;25501;0;769
974;2;2023-07-10;1922;1888;2298;28;1876;2547;65;0;0
974;3;2023-07-10;693;327;0;0;366;3;0;0;0
974;4;2023-07-10;17171;171;30;1;17172;152;25;0;1
974;5;2023-07-10;1531;1152;24;1;1227;29;0;0;0
974;6;2023-07-10;714;487;18;22;635;41;24;0;21
974;8;2023-07-10;262;436;1444;5782;258;1619;5827;10221;2626
974;9;2023-07-10;1;2;12;20;1;12;18;42;12
974;10;2023-07-10;2;1;4;1;1;4;1;0;0
974;12;2023-07-10;0;2;3;1;0;5;1;7;1
976;1;2023-07-10;161365;134234;44907;600;138982;49379;1579;0;23
976;2;2023-07-10;460;500;651;9;443;762;13;0;0
976;3;2023-07-10;97;44;1;0;47;1;0;0;0
976;4;2023-07-10;101;2;0;0;101;2;0;0;0
976;5;2023-07-10;283;161;4;0;173;4;0;0;0
976;6;2023-07-10;9;5;0;1;7;0;1;0;0
976;8;2023-07-10;83;131;1490;331;77;1416;445;1929;65
976;9;2023-07-10;0;1;4;4;1;4;4;9;1
976;12;2023-07-10;0;0;1;2;0;1;2;3;0
977;1;2023-07-10;7952;7714;5169;260;7746;5656;366;0;17
977;2;2023-07-10;579;557;278;10;544;350;10;0;0
977;3;2023-07-10;140;97;2;0;108;2;0;0;0
977;4;2023-07-10;308;11;1;0;311;8;1;0;0
977;5;2023-07-10;17;12;0;0;15;0;0;0;0
977;6;2023-07-10;16;14;1;0;15;0;1;0;0
977;8;2023-07-10;6;8;20;81;6;23;80;136;30
977;9;2023-07-10;0;0;0;0;0;0;0;2;2
978;1;2023-07-10;13595;11953;6029;436;12891;6548;525;0;9
978;2;2023-07-10;833;750;289;8;783;323;13;0;0
978;3;2023-07-10;212;115;1;0;119;1;0;0;0
978;4;2023-07-10;86;1;0;0;86;1;0;0;0
978;5;2023-07-10;56;47;1;0;47;1;0;0;0
978;6;2023-07-10;23;12;1;6;19;1;6;0;0
978;8;2023-07-10;52;70;48;201;58;65;197;361;96
978;9;2023-07-10;0;0;2;0;0;0;2;5;3
978;12;2023-07-10;0;1;0;0;1;0;0;0;0
01;0;2023-07-10;493049;473280;333503;82090;488417;371538;87567;52452;18024
02;0;2023-07-10;419878;407027;304787;75540;415358;329138;79335;44654;17687
03;0;2023-07-10;274042;267284;210103;59878;271471;222669;60840;34662;12447
04;0;2023-07-10;120596;115458;83938;22604;118949;91212;23762;13809;5059
05;0;2023-07-10;110642;105620;75493;19861;109210;83199;20983;12298;4349
06;0;2023-07-10;865939;823757;596288;152569;854156;654851;161217;91432;36458
07;0;2023-07-10;253166;244233;177364;48531;250419;194095;50921;29999;10606
08;0;2023-07-10;213462;207396;157193;42210;211304;168848;43904;24856;9844
09;0;2023-07-10;115382;111652;84925;22833;114015;89242;23060;13138;4576
10;0;2023-07-10;238489;231134;174680;45550;236097;187124;46891;27265;9765
11;0;2023-07-10;292123;281833;213564;60453;288610;226139;62010;36161;13873
12;0;2023-07-10;221191;214600;162976;42336;218791;172344;43033;25602;7888
13;0;2023-07-10;1508453;1424142;996465;228882;1485414;1103333;243086;144139;50719
14;0;2023-07-10;583023;569272;445597;123050;577595;469409;126707;78746;29988
15;0;2023-07-10;120029;117596;93367;24910;118998;97838;25117;14484;4745
16;0;2023-07-10;288488;281859;222368;68230;285548;232051;70237;41392;17522
17;0;2023-07-10;563460;550233;432365;141852;557945;449690;144652;88752;38263
18;0;2023-07-10;242807;236870;185343;55156;240430;196683;57065;31538;13515
19;0;2023-07-10;196113;191386;150138;42685;194173;156956;42903;25869;9531
21;0;2023-07-10;422240;409150;309380;88345;417962;330218;90741;57350;21289
22;0;2023-07-10;516707;505554;401828;119933;511318;416132;121363;74384;28763
23;0;2023-07-10;92440;90636;72457;21014;91514;75628;21649;11224;4268
24;0;2023-07-10;336093;327133;255411;78158;332189;268636;80011;46215;18932
25;0;2023-07-10;405301;387823;276424;67506;401272;304154;70647;41297;13885
26;0;2023-07-10;399408;383613;274743;72876;395016;299926;75322;45103;16458
27;0;2023-07-10;481979;467999;350754;89025;477089;375721;93789;55554;21776
28;0;2023-07-10;344909;335380;256434;70163;341300;271931;73207;43073;17961
29;0;2023-07-10;783496;769344;623008;201331;776168;638669;204230;130319;53961
2A;0;2023-07-10;114610;110822;82703;14977;112943;85826;15092;9126;2968
2B;0;2023-07-10;123256;118290;87933;17480;121422;92843;17924;10763;3579
30;0;2023-07-10;586666;561227;409830;114823;579266;446982;120479;73347;28011
31;0;2023-07-10;1091271;1051128;771102;184603;1079802;828049;191531;121278;43733
32;0;2023-07-10;156408;152429;119278;34280;154663;124442;34646;20364;7383
33;0;2023-07-10;1347247;1305168;991508;274384;1332516;1046766;282182;180914;72528
34;0;2023-07-10;933097;893885;659859;179662;922010;708577;186091;117870;45171
35;0;2023-07-10;893123;869653;661024;171416;884842;698113;177000;113614;37907
36;0;2023-07-10;178431;174386;138570;40064;176757;146563;41272;21964;8168
37;0;2023-07-10;502357;488607;379014;118424;497925;402194;122744;77026;33060
38;0;2023-07-10;1012496;972176;693171;181975;1002686;764430;191711;119428;43934
39;0;2023-07-10;200981;193451;140259;36053;198907;154576;38205;22467;7463
40;0;2023-07-10;357415;348834;271562;82536;353922;283711;83261;51367;20221
41;0;2023-07-10;272631;265536;208294;63871;270033;220661;66288;39093;16546
42;0;2023-07-10;594034;567425;398639;104582;588453;450782;111815;66241;22550
43;0;2023-07-10;178632;171350;120640;27140;176930;135308;28462;16302;4803
44;0;2023-07-10;1183942;1153020;875585;246246;1172879;921584;252969;167745;63836
45;0;2023-07-10;539418;521751;396728;114789;533751;423522;119114;72073;30694
46;0;2023-07-10;137736;134266;104990;30695;136150;108884;30836;18234;6658
47;0;2023-07-10;264038;256414;196747;52026;260896;204666;52351;29950;10967
48;0;2023-07-10;58278;55954;41051;10019;57672;44665;10298;5857;1604
49;0;2023-07-10;666950;649487;492819;139105;661055;523587;143789;88674;33570
50;0;2023-07-10;424032;415296;330150;92163;420034;344894;94576;56710;20339
51;0;2023-07-10;445138;432006;329053;91921;440640;352585;96553;56959;23374
52;0;2023-07-10;135621;131803;100893;26278;134303;108997;27655;14882;5431
53;0;2023-07-10;252704;246766;188790;45590;250283;200569;47753;27699;8284
54;0;2023-07-10;570110;552065;418493;116548;564142;451925;121256;76947;30000
55;0;2023-07-10;146040;141864;108578;29679;144416;116925;31326;17400;6496
56;0;2023-07-10;652890;638080;497458;147267;646818;518794;151069;91100;34614
57;0;2023-07-10;813106;786158;590371;138561;804810;636691;143047;82087;26684
58;0;2023-07-10;165688;161825;128128;40214;164086;136139;41792;22413;9319
59;0;2023-07-10;2027409;1952726;1437933;358094;2006512;1577565;385963;230062;86875
60;0;2023-07-10;637724;612070;440802;103514;631007;483265;109060;63640;24203
61;0;2023-07-10;227323;221551;171734;45852;224979;182594;47739;26607;9509
62;0;2023-07-10;1198867;1165061;880499;215943;1187666;956404;226481;131230;48857
63;0;2023-07-10;530497;514812;389404;103813;525534;417657;106906;64515;24036
64;0;2023-07-10;567355;551035;419109;118383;561659;442290;119511;74082;27625
65;0;2023-07-10;185478;179885;137144;36421;183383;145728;37584;21352;7130
66;0;2023-07-10;381947;366950;275171;78646;377100;292175;80714;48521;19894
67;0;2023-07-10;907298;874856;650280;159299;898670;703724;166786;99020;34110
68;0;2023-07-10;568346;547490;399770;89463;562201;434655;94103;54428;17276
69;0;2023-07-10;1467740;1396972;977905;249273;1453121;1097989;269715;172680;65487
70;0;2023-07-10;184767;179293;134945;31209;182907;145478;32336;17394;5746
71;0;2023-07-10;448103;435753;331921;98029;444097;357874;102332;58078;21501
72;0;2023-07-10;465318;452865;346200;96580;460801;367873;100648;57934;22522
73;0;2023-07-10;349005;334241;235033;60685;345474;259640;63767;40685;13873
74;0;2023-07-10;613476;582481;390789;87760;607483;438442;93781;57571;18320
75;0;2023-07-10;1783988;1703993;1253873;334651;1765829;1395363;362867;254917;97415
76;0;2023-07-10;1021030;991149;756474;213025;1010970;809690;223167;135481;54717
77;0;2023-07-10;1083005;1029028;717262;164042;1070407;797595;175372;107821;40485
78;0;2023-07-10;1151957;1101731;799464;206492;1139767;873155;217571;144557;57765
79;0;2023-07-10;311536;304230;236552;65722;308678;250587;68402;40238;14610
80;0;2023-07-10;463777;451205;347033;93309;459219;371588;97252;57559;22685
81;0;2023-07-10;309772;298904;224323;60951;306336;240868;63158;37654;12909
82;0;2023-07-10;203400;195996;145141;36960;200824;155086;38561;22501;8274
83;0;2023-07-10;854967;816282;593594;165107;843362;646138;171474;102217;39355
84;0;2023-07-10;431313;409757;289797;75301;425448;319216;79678;48105;18144
85;0;2023-07-10;596960;584078;454516;137777;592073;478644;141502;85506;31491
86;0;2023-07-10;350380;341938;267975;81287;346960;281115;82987;50652;20453
87;0;2023-07-10;303294;295315;233269;70518;300384;244099;71941;43683;16970
88;0;2023-07-10;291269;282405;211404;53852;288529;229912;56747;31542;10452
89;0;2023-07-10;264288;256077;194189;55837;261331;206037;57588;33942;13762
90;0;2023-07-10;105036;101156;74850;17946;103951;80512;18454;10631;3731
91;0;2023-07-10;989285;937896;653762;158320;977245;723504;167386;107933;42377
92;0;2023-07-10;1280429;1221523;886663;213994;1267977;983190;230804;156424;58363
93;0;2023-07-10;1124376;1030675;642671;109444;1106264;743898;124239;71180;23223
94;0;2023-07-10;1053567;993198;685860;161177;1041773;772383;173773;112540;42217
95;0;2023-07-10;924869;865168;576263;122594;912616;652039;132847;79493;29791
971;0;2023-07-10;152189;139567;83939;8656;146147;89052;8933;4103;1021
972;0;2023-07-10;150824;138910;88552;8535;145560;92934;9048;3581;1055
973;0;2023-07-10;100359;84326;41870;3086;90493;46361;3569;1604;313
974;0;2023-07-10;580670;552469;359397;28839;568420;371833;31462;10270;3430
976;0;2023-07-10;162398;135078;47058;947;139831;51569;2044;1941;89
977;0;2023-07-10;9018;8413;5471;351;8745;6039;458;138;49
978;0;2023-07-10;14857;12949;6371;651;14004;6940;743;366;108
